0,0.186148,-2.41406,0.443275,-3.1878,-0.421966,-2.27589,-0.567571,-2.91126,3.95503,5.05917,3.95503,5.05917,0.0279513,-0.70923,-0.935032,10,3,28
0.05,0.0535108,-2.84902,0.259521,-4.10876,-0.530817,-2.07814,-0.70681,-2.6583,4.45028,5.69268,4.45028,5.69268,0.00868271,-0.70923,-0.935032,10,3,28
0.1,-0.094729,-3.03221,0.0379196,-4.6855,-0.629161,-1.85562,-0.832609,-2.37367,4.76618,6.09677,4.76618,6.09677,0.00129457,-0.70923,-0.935032,10,3,28
0.15,-0.245096,-2.93324,-0.201904,-4.82879,-0.715984,-1.61732,-0.943672,-2.06883,4.91949,6.29288,4.91949,6.29288,0.0123485,-0.70923,-0.935032,10,3,28
0.2,-0.383427,-2.55548,-0.437202,-4.50674,-0.790701,-1.37134,-1.03925,-1.75418,4.92873,6.3047,4.92873,6.3047,0.0398007,-0.70923,-0.935032,10,3,28
0.25,-0.496566,-1.93487,-0.645397,-3.75749,-0.853107,-1.1249,-1.11908,-1.43895,4.81348,6.15728,4.81348,6.15728,0.074108,-0.70923,-0.935032,10,3,28
0.3,-0.573802,-1.13142,-0.80728,-2.67302,-0.903335,-0.88423,-1.18333,-1.13109,4.59374,5.8762,4.59374,5.8762,0.1044,-0.70923,-0.935032,10,3,28
0.35,-0.60779,-0.2183,-0.908917,-1.36715,-0.941805,-0.654543,-1.23254,-0.837275,4.28938,5.48686,4.28938,5.48686,0.123371,-0.70923,-0.935032,10,3,28
0.4,-0.594998,0.726195,-0.942043,0.049712,-0.96917,-0.440074,-1.26754,-0.562933,3.91962,5.01388,3.91962,5.01388,0.127721,-0.70923,-0.935032,10,3,28
0.45,-0.535845,1.62252,-0.90365,1.47708,-0.986274,-0.244093,-1.28942,-0.312238,3.50272,4.48059,3.50272,4.48059,0.116527,-0.70923,-0.935032,10,3,28
0.5,-0.434718,2.39193,-0.795662,2.81609,-0.9941,-0.0689572,-1.29943,-0.0882089,3.05558,3.90861,3.05558,3.90861,0.0909543,-0.70923,-0.935032,10,3,28
0,0.0583644,-2.65595,0.265336,-3.87537,-0.535764,-2.27601,-0.71314,-2.91147,5.09337,6.51549,5.09337,6.51549,0.00912303,-0.70923,-0.935032,10,3,28
0.05,-0.081414,-2.8896,0.0539495,-4.51395,-0.643198,-2.02134,-0.850569,-2.5857,5.4037,6.91246,5.4037,6.91246,0.00118584,-0.70923,-0.935032,10,3,28
0.1,-0.226206,-2.85452,-0.179234,-4.73689,-0.73751,-1.75116,-0.971213,-2.24007,5.53627,7.08203,5.53627,7.08203,0.0102306,-0.70923,-0.935032,10,3,28
0.15,-0.362318,-2.54581,-0.412069,-4.50021,-0.818148,-1.47434,-1.07436,-1.88597,5.51221,7.05124,5.51221,7.05124,0.0356552,-0.70923,-0.935032,10,3,28
0.2,-0.476643,-1.99112,-0.621931,-3.82897,-0.884975,-1.19873,-1.15985,-1.53341,5.35364,6.8484,5.35364,6.8484,0.0691808,-0.70923,-0.935032,10,3,28
0.25,-0.558138,-1.24394,-0.788999,-2.80629,-0.938219,-0.93105,-1.22796,-1.19099,5.08304,6.50224,5.08304,6.50224,0.100189,-0.70923,-0.935032,10,3,28
0.3,-0.598868,-0.373289,-0.898436,-1.54318,-0.978418,-0.676898,-1.27938,-0.865877,4.72257,6.04112,4.72257,6.04112,0.120903,-0.70923,-0.935032,10,3,28
0.35,-0.594542,0.544974,-0.941047,-0.151205,-1.00636,-0.44077,-1.31512,-0.563822,4.2936,5.49238,4.2936,5.49238,0.127517,-0.70923,-0.935032,10,3,28
0.4,-0.544724,1.433,-0.91297,1.26764,-1.02303,-0.226089,-1.33645,-0.289203,3.81628,4.88177,3.81628,4.88177,0.118795,-0.70923,-0.935032,10,3,28
0.45,-0.452872,2.21335,-0.815312,2.6149,-1.02957,-0.0352754,-1.34481,-0.0451141,3.30918,4.23309,3.30918,4.23309,0.0954853,-0.70923,-0.935032,10,3,28
0.5,-0.326233,2.81266,-0.654244,3.78498,-1.02719,0.130183,-1.34177,0.16654,2.78907,3.56777,2.78907,3.56777,0.0618378,-0.70923,-0.935032,10,3,28
0,-0.0751004,-2.6392,0.0618679,-4.19802,-0.649567,-2.27613,-0.858718,-2.91169,6.23176,7.97193,6.23176,7.97193,0.0011769,-0.70923,-0.935032,10,3,28
0.05,-0.208909,-2.66906,-0.157479,-4.50391,-0.755584,-1.96454,-0.994338,-2.51309,6.35716,8.13234,6.35716,8.13234,0.00842801,-0.70923,-0.935032,10,3,28
0.1,-0.337732,-2.44166,-0.381199,-4.37082,-0.845864,-1.64668,-1.10983,-2.10648,6.3064,8.06738,6.3064,8.06738,0.03093,-0.70923,-0.935032,10,3,28
0.15,-0.449021,-1.9743,-0.58729,-3.8072,-0.920316,-1.33136,-1.20507,-1.70311,6.10495,7.80967,6.10495,7.80967,0.0622682,-0.70923,-0.935032,10,3,28
0.2,-0.531791,-1.31081,-0.755748,-2.88151,-0.979253,-1.02612,-1.28046,-1.31262,5.77858,7.39215,5.77858,7.39215,0.0928134,-0.70923,-0.935032,10,3,28
0.25,-0.577727,-0.512839,-0.870978,-1.69684,-1.02334,-0.737188,-1.33685,-0.943017,5.35262,6.84724,5.35262,6.84724,0.114652,-0.70923,-0.935032,10,3,28
0.3,-0.581855,0.348844,-0.922797,-0.363187,-1.0535,-0.469557,-1.37544,-0.600655,4.85141,6.20607,4.85141,6.20607,0.123437,-0.70923,-0.935032,10,3,28
0.35,-0.542837,1.20016,-0.906365,1.01643,-1.07092,-0.226986,-1.39772,-0.290351,4.29783,5.49791,4.29783,5.49791,0.117535,-0.70923,-0.935032,10,3,28
0.4,-0.463054,1.96696,-0.821837,2.34377,-1.07689,-0.0120948,-1.40536,-0.0154559,3.71293,4.74968,3.71293,4.74968,0.0973152,-0.70923,-0.935032,10,3,28
0.45,-0.348526,2.57841,-0.674351,3.51639,-1.07286,0.173552,-1.4002,0.222028,3.11563,3.98558,3.11563,3.98558,0.0661967,-0.70923,-0.935032,10,3,28
0.5,-0.208617,2.97314,-0.474373,4.42442,-1.06029,0.329333,-1.38412,0.421307,2.52256,3.22691,2.52256,3.22691,0.0322973,-0.70923,-0.935032,10,3,28
0,-0.201239,-2.36572,-0.147604,-4.11281,-0.763377,-2.27625,-1.00431,-2.9119,7.37022,9.42848,7.37022,9.42848,0.00767781,-0.70923,-0.935032,10,3,28
0.05,-0.316742,-2.21627,-0.354155,-4.08019,-0.867977,-1.90774,-1.13812,-2.44048,7.31068,9.3523,7.31068,9.3523,0.0270707,-0.70923,-0.935032,10,3,28
0.1,-0.419129,-1.84593,-0.548711,-3.63863,-0.954225,-1.5422,-1.24845,-1.97286,7.07657,9.05279,7.07657,9.05279,0.0549424,-0.70923,-0.935032,10,3,28
0.15,-0.498074,-1.28683,-0.711877,-2.83798,-1.02249,-1.18838,-1.33578,-1.52022,6.69773,8.56814,6.69773,8.56814,0.083378,-0.70923,-0.935032,10,3,28
0.2,-0.545361,-0.5901,-0.827833,-1.7675,-1.07354,-0.85349,-1.40108,-1.09181,6.20353,7.93593,6.20353,7.93593,0.104992,-0.70923,-0.935032,10,3,28
0.25,-0.555643,0.181887,-0.885667,-0.530758,-1.10846,-0.543313,-1.44575,-0.695018,5.62221,7.19225,5.62221,7.19225,0.115143,-0.70923,-0.935032,10,3,28
0.3,-0.526832,0.961701,-0.87963,0.77061,-1.12859,-0.262203,-1.47151,-0.335405,4.98025,6.37102,4.98025,6.37102,0.1118,-0.70923,-0.935032,10,3,28
0.35,-0.460253,1.681,-0.808927,2.03928,-1.13548,-0.0131903,-1.48032,-0.0168544,4.30206,5.50343,4.30206,5.50343,0.0950072,-0.70923,-0.935032,10,3,28
0.4,-0.360594,2.27412,-0.67764,3.17657,-1.13076,0.201913,-1.47428,0.258317,3.60957,4.61755,3.60957,4.61755,0.067491,-0.70923,-0.935032,10,3,28
0.45,-0.23566,2.68321,-0.494902,4.07944,-1.11615,0.382392,-1.45559,0.489195,2.92206,3.73804,2.92206,3.73804,0.0359327,-0.70923,-0.935032,10,3,28
0.5,-0.0958075,2.86541,-0.274963,4.64922,-1.09338,0.528495,-1.42646,0.676097,2.25603,2.88601,2.25603,2.88601,0.0104526,-0.70923,-0.935032,10,3,28
0,-0.307868,-1.86586,-0.342747,-3.6314,-0.877192,-2.27636,-1.14991,-2.91209,8.5087,10.885,8.5087,10.885,0.0255096,-0.70923,-0.935032,10,3,28
0.05,-0.394858,-1.58507,-0.517543,-3.30226,-0.980374,-1.85093,-1.28191,-2.36784,8.26422,10.5723,8.26422,10.5723,0.0492607,-0.70923,-0.935032,10,3,28
0.1,-0.463479,-1.13756,-0.667197,-2.63625,-1.06259,-1.43771,-1.38708,-1.83922,7.84674,10.0382,7.84674,10.0382,0.0740314,-0.70923,-0.935032,10,3,28
0.15,-0.506305,-0.561942,-0.776538,-1.70478,-1.12467,-1.04538,-1.4665,-1.33731,7.29051,9.3266,7.29051,9.3266,0.0936615,-0.70923,-0.935032,10,3,28
0.2,-0.518172,0.0909243,-0.834551,-0.599518,-1.16782,-0.680852,-1.52171,-0.870984,6.62849,8.47969,6.62849,8.47969,0.103744,-0.70923,-0.935032,10,3,28
0.25,-0.496638,0.763656,-0.834945,0.583739,-1.19358,-0.349427,-1.55466,-0.446999,5.89178,7.53723,5.89178,7.53723,0.102058,-0.70923,-0.935032,10,3,28
0.3,-0.442196,1.3969,-0.776174,1.75109,-1.20369,-0.0548383,-1.56758,-0.0701379,5.10908,6.53593,5.10908,6.53593,0.0884047,-0.70923,-0.935032,10,3,28
0.35,-0.358277,1.93325,-0.661362,2.80904,-1.20004,0.200616,-1.56292,0.256659,4.30628,5.50891,4.30628,5.50891,0.0649773,-0.70923,-0.935032,10,3,28
0.4,-0.251042,2.32167,-0.498339,3.66331,-1.18463,0.41593,-1.5432,0.532104,3.5062,4.48538,3.5062,4.48538,0.0371398,-0.70923,-0.935032,10,3,28
0.45,-0.128931,2.52302,-0.29956,4.22534,-1.15945,0.59124,-1.51099,0.756373,2.72848,3.49046,2.72848,3.49046,0.0130635,-0.70923,-0.935032,10,3,28
0.5,-0.00192951,2.51561,-0.0814501,4.42821,-1.12648,0.727663,-1.46881,0.930896,1.98948,2.54507,1.98948,2.54507,0.000825953,-0.70923,-0.935032,10,3,28
0,-0.384902,-1.192,-0.505129,-2.81576,-0.991012,-2.27644,-1.29552,-2.91223,9.64714,12.3416,9.64714,12.3416,0.0470399,-0.70923,-0.935032,10,3,28
0.05,-0.436254,-0.845177,-0.633318,-2.26967,-1.09278,-1.79408,-1.4257,-2.29515,9.2177,11.7922,9.2177,11.7922,0.0670874,-0.70923,-0.935032,10,3,28
0.1,-0.467536,-0.39596,-0.727861,-1.48245,-1.17096,-1.3332,-1.52572,-1.70554,8.61686,11.0235,8.61686,11.0235,0.0830478,-0.70923,-0.935032,10,3,28
0.15,-0.474535,0.118209,-0.778554,-0.530142,-1.22685,-0.902355,-1.59722,-1.15437,7.88322,10.085,7.88322,10.085,0.0913169,-0.70923,-0.935032,10,3,28
0.2,-0.455094,0.653149,-0.779252,0.502303,-1.26211,-0.508194,-1.64233,-0.650118,7.05338,9.02335,7.05338,9.02335,0.0898818,-0.70923,-0.935032,10,3,28
0.25,-0.409345,1.16209,-0.728107,1.52863,-1.2787,-0.155525,-1.66356,-0.19895,6.1613,7.88211,6.1613,7.88211,0.0784932,-0.70923,-0.935032,10,3,28
0.3,-0.339744,1.59948,-0.627562,2.46345,-1.27878,0.15254,-1.66365,0.195156,5.23785,6.70075,5.23785,6.70075,0.058965,-0.70923,-0.935032,10,3,28
0.35,-0.250917,1.92479,-0.484289,3.22358,-1.2646,0.414433,-1.64552,0.530193,4.31043,5.5143,4.31043,5.5143,0.0355341,-0.70923,-0.935032,10,3,28
0.4,-0.149304,2.10653,-0.308964,3.73364,-1.23849,0.629954,-1.61212,0.805908,3.40277,4.35313,3.40277,4.35313,0.0144294,-0.70923,-0.935032,10,3,28
0.45,-0.0426181,2.12605,-0.115618,3.93725,-1.20274,0.800093,-1.56638,1.02356,2.53484,3.24279,2.53484,3.24279,0.00188699,-0.70923,-0.935032,10,3,28
0.5,0.0608795,1.98019,0.0796449,3.80969,-1.15957,0.926835,-1.51115,1.1857,1.72288,2.20405,1.72288,2.20405,0.00124915,-0.70923,-0.935032,10,3,28
0,-0.425248,-0.409845,-0.620267,-1.75811,-1.10484,-2.2765,-1.44113,-2.91232,10.7856,13.7979,10.7856,13.7979,0.0644287,-0.70923,-0.935032,10,3,28
0.05,-0.437428,-0.0733495,-0.692244,-1.0975,-1.20518,-1.73722,-1.5695,-2.22242,10.1712,13.0119,10.1712,13.0119,0.0753641,-0.70923,-0.935032,10,3,28
0.1,-0.431768,0.297843,-0.72748,-0.300844,-1.27933,-1.22866,-1.66435,-1.57183,9.38698,12.0087,9.38698,12.0087,0.0801003,-0.70923,-0.935032,10,3,28
0.15,-0.407253,0.674636,-0.720918,0.561186,-1.32903,-0.759311,-1.72794,-0.971391,8.47593,10.8432,8.47593,10.8432,0.0772494,-0.70923,-0.935032,10,3,28
0.2,-0.364381,1.02614,-0.671137,1.41462,-1.3564,-0.335515,-1.76295,-0.429231,7.47824,9.56688,7.47824,9.56688,0.0668069,-0.70923,-0.935032,10,3,28
0.25,-0.305176,1.32259,-0.580405,2.18643,-1.36383,0.0383973,-1.77245,0.0491134,6.43079,8.22688,6.43079,8.22688,0.0503972,-0.70923,-0.935032,10,3,28
0.3,-0.233067,1.5381,-0.454548,2.80792,-1.35387,0.359937,-1.75971,0.460457,5.36659,6.86545,5.36659,6.86545,0.0313323,-0.70923,-0.935032,10,3,28
0.35,-0.152625,1.65318,-0.302621,3.21996,-1.32916,0.628266,-1.72811,0.80373,4.31455,5.51959,4.31455,5.51959,0.0140779,-0.70923,-0.935032,10,3,28
0.4,-0.0691919,1.65682,-0.136247,3.38051,-1.29236,0.843993,-1.68102,1.07971,3.2993,4.22079,3.2993,4.22079,0.00289785,-0.70923,-0.935032,10,3,28
0.45,0.0115817,1.54779,0.0314386,3.27216,-1.24603,1.00896,-1.62176,1.29075,2.34117,2.99506,2.34117,2.99506,0.000139735,-0.70923,-0.935032,10,3,28
0.5,0.0842357,1.33483,0.187136,2.90584,-1.19266,1.12602,-1.55348,1.4405,1.45625,1.86299,1.45625,1.86299,0.00521474,-0.70923,-0.935032,10,3,28
0,0.198106,1.37815,-0.289542,-4.07892,0.54878,1.06955,-0.868231,-2.1168,-3.25332,6.43881,-3.25332,6.43881,0.0150321,0.544313,-0.85939,10,3,42
0.05,0.26023,1.08675,-0.483855,-3.63124,0.598191,0.906884,-0.966022,-1.79486,-3.25943,6.4509,-3.25943,6.4509,0.0360044,0.544313,-0.85939,10,3,42
0.1,0.305025,0.690756,-0.646948,-2.84306,0.639461,0.743912,-1.0477,-1.47231,-3.18322,6.30006,-3.18322,6.30006,0.0594875,0.544313,-0.85939,10,3,42
0.15,0.328103,0.225089,-0.763821,-1.799,0.672677,0.584752,-1.11344,-1.15731,-3.0379,6.01246,-3.0379,6.01246,0.0787654,0.544313,-0.85939,10,3,42
0.2,0.327001,-0.268758,-0.824122,-0.597215,0.698118,0.432857,-1.16379,-0.856688,-2.83662,5.61409,-2.83662,5.61409,0.0888405,0.544313,-0.85939,10,3,42
0.25,0.301416,-0.746457,-0.822423,0.664634,0.716215,0.291026,-1.19961,-0.575984,-2.59209,5.13014,-2.59209,5.13014,0.087207,0.544313,-0.85939,10,3,42
0.3,0.253258,-1.16444,-0.758099,1.89152,0.727526,0.161421,-1.222,-0.319477,-2.31639,4.58449,-2.31639,4.58449,0.0739576,0.544313,-0.85939,10,3,42
0.35,0.186519,-1.48358,-0.635302,2.98656,0.732701,0.0456016,-1.23224,-0.0902523,-2.02069,3.99925,-2.02069,3.99925,0.0520579,0.544313,-0.85939,10,3,42
0.4,0.106955,-1.67313,-0.463126,3.84961,0.732456,-0.0554328,-1.23175,0.10971,-1.71513,3.3945,-1.71513,3.3945,0.0275026,0.544313,-0.85939,10,3,42
0.45,0.0215722,-1.71437,-0.255586,4.38673,0.72754,-0.141189,-1.22202,0.279435,-1.4087,2.78803,-1.4087,2.78803,0.00814471,0.544313,-0.85939,10,3,42
0.5,-0.0620467,-1.6032,-0.0308223,4.53073,0.71872,-0.211624,-1.20457,0.418837,-1.10919,2.19526,-1.10919,2.19526,0.000597185,0.544313,-0.85939,10,3,42
0,0.256292,0.9309,-0.476377,-3.33818,0.602258,1.06959,-0.974073,-2.11691,-3.78822,7.49756,-3.78822,7.49756,0.0349508,0.544313,-0.85939,10,3,42
0.05,0.294242,0.574911,-0.626505,-2.62052,0.651002,0.880179,-1.07055,-1.74203,-3.70743,7.33766,-3.70743,7.33766,0.0559587,0.544313,-0.85939,10,3,42
0.1,0.312755,0.159775,-0.734298,-1.6599,0.690377,0.694808,-1.14848,-1.37515,-3.54506,7.01631,-3.54506,7.01631,0.0731334,0.544313,-0.85939,10,3,42
0.15,0.309768,-0.278276,-0.78983,-0.546131,0.720686,0.517554,-1.20846,-1.02433,-3.31639,6.56373,-3.31639,6.56373,0.0820553,0.544313,-0.85939,10,3,42
0.2,0.285102,-0.700404,-0.787765,0.628075,0.742418,0.351735,-1.25148,-0.696147,-3.03626,6.00929,-3.03626,6.00929,0.0804382,0.544313,-0.85939,10,3,42
0.25,0.240521,-1.06849,-0.727377,1.77094,0.75621,0.199922,-1.27877,-0.395682,-2.71873,5.38086,-2.71873,5.38086,0.0683705,0.544313,-0.85939,10,3,42
0.3,0.179603,-1.34851,-0.612542,2.78988,0.762807,0.0639854,-1.29183,-0.12664,-2.3769,4.70431,-2.3769,4.70431,0.0485479,0.544313,-0.85939,10,3,42
0.35,0.107454,-1.51396,-0.451789,3.59186,0.763035,-0.0548596,-1.29228,0.108576,-2.02265,4.00318,-2.02265,4.00318,0.0262749,0.544313,-0.85939,10,3,42
0.4,0.0302545,-1.54886,-0.258159,4.09202,0.757764,-0.155992,-1.28185,0.308735,-1.66654,3.29837,-1.66654,3.29837,0.00836162,0.544313,-0.85939,10,3,42
0.45,-0.0453289,-1.44989,-0.0483852,4.23063,0.747881,-0.239319,-1.26229,0.473653,-1.31773,2.60802,-1.31773,2.60802,0.000546882,0.544313,-0.85939,10,3,42
0.5,-0.112793,-1.22686,0.15881,3.99016,0.734268,-0.305205,-1.23535,0.604054,-0.983938,1.94739,-0.983938,1.94739,0.00469569,0.544313,-0.85939,10,3,42
0,0.300354,0.0266291,-0.712356,-1.42051,0.703815,0.853461,-1.17507,-1.68917,-4.1554,8.22431,-4.1554,8.22431,0.0689873,0.544313,-0.85939,10,3,42
0.05,0.292133,-0.352764,-0.758118,-0.396928,0.741294,0.645691,-1.24925,-1.27795,-3.90688,7.73244,-3.90688,7.73244,0.0758538,0.544313,-0.85939,10,3,42
0.1,0.265352,-0.709826,-0.751033,0.678249,0.768695,0.450347,-1.30348,-0.891332,-3.59486,7.1149,-3.59486,7.1149,0.0733553,0.544313,-0.85939,10,3,42
0.15,0.221929,-1.01302,-0.690686,1.71837,0.786718,0.270604,-1.33915,-0.535587,-3.23587,6.40439,-3.23587,6.40439,0.0617757,0.544313,-0.85939,10,3,42
0.2,0.165267,-1.235,-0.580999,2.63682,0.796204,0.108811,-1.35793,-0.215368,-2.84534,5.63147,-2.84534,5.63147,0.0436933,0.544313,-0.85939,10,3,42
0.25,0.0999746,-1.35542,-0.430185,3.34933,0.798088,-0.0334564,-1.36166,0.0662062,-2.43738,4.82404,-2.43738,4.82404,0.0238168,0.544313,-0.85939,10,3,42
0.3,0.0314497,-1.36322,-0.250454,3.78236,0.793368,-0.155325,-1.35232,0.307408,-2.02458,4.00703,-2.02458,4.00703,0.00788807,0.544313,-0.85939,10,3,42
0.35,-0.0346187,-1.25802,-0.0571467,3.88681,0.783071,-0.256554,-1.33194,0.50776,-1.61792,3.20219,-1.61792,3.20219,0.000555423,0.544313,-0.85939,10,3,42
0.4,-0.0927953,-1.05021,0.132829,3.65069,0.768221,-0.33745,-1.30255,0.667869,-1.22673,2.42795,-1.22673,2.42795,0.00325526,0.544313,-0.85939,10,3,42
0.45,-0.138411,-0.759748,0.302994,3.10262,0.749815,-0.398787,-1.26612,0.789267,-0.858662,1.69947,-0.858662,1.69947,0.0136154,0.544313,-0.85939,10,3,42
0.5,-0.16799,-0.413946,0.439166,2.30374,0.728803,-0.44172,-1.22453,0.874241,-0.519736,1.02868,-0.519736,1.02868,0.0268011,0.544313,-0.85939,10,3,42
0,-0.111607,0.997756,0.0704041,-4.62347,-0.871213,0.0306637,-0.792236,-2.23407,-0.0787607,5.73823,-0.0787607,5.73823,0.0021622,-0.86989,-0.888634,10,3,51
0.05,-0.0569968,1.16891,-0.167516,-4.81553,-0.869778,0.0267257,-0.896767,-1.94716,-0.0812939,5.9228,-0.0812939,5.9228,0.00388418,-0.86989,-0.888634,10,3,51
0.1,0.00337315,1.22623,-0.403406,-4.54332,-0.868544,0.022661,-0.986721,-1.65102,-0.0814465,5.93393,-0.0814465,5.93393,0.0199887,-0.86989,-0.888634,10,3,51
0.15,0.0636147,1.16383,-0.614571,-3.83831,-0.867512,0.0185886,-1.06185,-1.35432,-0.0795419,5.79517,-0.0795419,5.79517,0.0459732,-0.86989,-0.888634,10,3,51
0.2,0.117847,0.987892,-0.781399,-2.78814,-0.866682,0.0146116,-1.12233,-1.06456,-0.0759107,5.53062,-0.0759107,5.53062,0.0734537,-0.86989,-0.888634,10,3,51
0.25,0.160788,0.715921,-0.889417,-1.50539,-0.866047,0.010816,-1.16864,-0.788033,-0.070881,5.16417,-0.070881,5.16417,0.0941866,-0.86989,-0.888634,10,3,51
0.3,0.188271,0.374622,-0.929814,-0.10112,-0.865594,0.00727197,-1.20159,-0.529824,-0.0647708,4.71901,-0.0647708,4.71901,0.102733,-0.86989,-0.888634,10,3,51
0.35,0.197636,-0.00295745,-0.899074,1.32355,-0.865312,0.00403343,-1.22218,-0.293873,-0.0578815,4.21708,-0.0578815,4.21708,0.0970551,-0.86989,-0.888634,10,3,51
0.4,0.187969,-0.380581,-0.798622,2.67015,-0.865183,0.00113935,-1.2316,-0.0830191,-0.0504925,3.67875,-0.0504925,3.67875,0.0783341,-0.86989,-0.888634,10,3,51
0.45,0.160181,-0.721995,-0.634978,3.83204,-0.865189,-0.00138527,-1.23116,0.100918,-0.0428572,3.12246,-0.0428572,3.12246,0.0511001,-0.86989,-0.888634,10,3,51
0.5,0.116928,-0.994104,-0.420255,4.69362,-0.865312,-0.00352813,-1.22221,0.257041,-0.0352002,2.5646,-0.0352002,2.5646,0.0232191,-0.86989,-0.888634,10,3,51
0,-0.0570949,1.16501,-0.160409,-4.53411,-0.869679,0.0306993,-0.903944,-2.23424,-0.0942079,6.85582,-0.0942079,6.85582,0.00359718,-0.86989,-0.888634,10,3,51
0.05,0.00310414,1.22335,-0.383932,-4.33345,-0.868262,0.0259889,-1.00709,-1.89145,-0.0942488,6.85887,-0.0942488,6.85887,0.0181285,-0.86989,-0.888634,10,3,51
0.1,0.0632328,1.16224,-0.586709,-3.714,-0.86708,0.0212765,-1.09309,-1.54851,-0.0919278,6.69003,-0.0919278,6.69003,0.0420554,-0.86989,-0.888634,10,3,51
0.15,0.117421,0.98772,-0.749493,-2.75029,-0.866131,0.0166801,-1.16215,-1.214,-0.0876278,6.37715,-0.0876278,6.37715,0.0679787,-0.86989,-0.888634,10,3,51
0.2,0.160388,0.717146,-0.85762,-1.54629,-0.865407,0.0122987,-1.21488,-0.895147,-0.0817283,5.94787,-0.0817283,5.94787,0.0881852,-0.86989,-0.888634,10,3,51
0.25,0.187964,0.377076,-0.901794,-0.209892,-0.864894,0.00821227,-1.2522,-0.597753,-0.0745968,5.42891,-0.0745968,5.42891,0.0972892,-0.86989,-0.888634,10,3,51
0.3,0.197476,0.000437472,-0.877947,1.15793,-0.864577,0.00448243,-1.2753,-0.326308,-0.0665809,4.84559,-0.0665809,4.84559,0.0930467,-0.86989,-0.888634,10,3,51
0.35,0.187995,-0.376626,-0.786946,2.45934,-0.864436,0.00115339,-1.28556,-0.0840283,-0.0580028,4.22134,-0.0580028,4.22134,0.0763004,-0.86989,-0.888634,10,3,51
0.4,0.160409,-0.717916,-0.634654,3.59113,-0.864451,-0.00174675,-1.28448,0.127038,-0.049154,3.57738,-0.049154,3.57738,0.0510603,-0.86989,-0.888634,10,3,51
0.45,0.117354,-0.990353,-0.432288,4.4437,-0.864599,-0.00420445,-1.27366,0.305908,-0.0402931,2.93254,-0.0402931,2.93254,0.0244607,-0.86989,-0.888634,10,3,51
0.5,0.0629753,-1.16712,-0.196427,4.916,-0.86486,-0.00621911,-1.2547,0.452534,-0.0316432,2.30305,-0.0316432,2.30305,0.00527235,-0.86989,-0.888634,10,3,51
0,0.00298676,1.21869,-0.375675,-4.00909,-0.868143,0.0307353,-1.01566,-2.23439,-0.109675,7.97343,-0.109675,7.97343,0.0173662,-0.86989,-0.888634,10,3,51
0.05,0.0629112,1.15879,-0.564133,-3.46901,-0.866743,0.0252515,-1.11741,-1.83572,-0.107221,7.79494,-0.107221,7.79494,0.0389982,-0.86989,-0.888634,10,3,51
0.1,0.116964,0.985812,-0.716964,-2.59852,-0.865615,0.0198905,-1.19946,-1.44597,-0.102423,7.44612,-0.102423,7.44612,0.0625851,-0.86989,-0.888634,10,3,51
0.15,0.159878,0.716927,-0.819886,-1.48995,-0.864748,0.0147693,-1.26245,-1.07367,-0.0957247,6.95911,-0.0957247,6.95911,0.0812729,-0.86989,-0.888634,10,3,51
0.2,0.187485,0.37852,-0.863534,-0.24469,-0.864129,0.00998309,-1.30743,-0.725709,-0.0875541,6.36509,-0.0875541,6.36509,0.090046,-0.86989,-0.888634,10,3,51
0.25,0.197107,0.00334852,-0.843553,1.03872,-0.86374,0.00560539,-1.33576,-0.407455,-0.0783181,5.69362,-0.0783181,5.69362,0.0866669,-0.86989,-0.888634,10,3,51
0.3,0.1878,-0.372585,-0.760436,2.26422,-0.863557,0.00168949,-1.34902,-0.122774,-0.0683941,4.97213,-0.0683941,4.97213,0.0717627,-0.86989,-0.888634,10,3,51
0.35,0.160435,-0.713195,-0.619529,3.33286,-0.863558,-0.00173022,-1.34894,0.125833,-0.0581248,4.22555,-0.0581248,4.22555,0.0488795,-0.86989,-0.888634,10,3,51
0.4,0.117622,-0.985476,-0.431225,4.14291,-0.863718,-0.00463646,-1.33737,0.33711,-0.0478144,3.47598,-0.0478144,3.47598,0.0243578,-0.86989,-0.888634,10,3,51
0.45,0.0634799,-1.16263,-0.210844,4.6023,-0.864009,-0.00702718,-1.31616,0.510909,-0.0377263,2.74258,-0.0377263,2.74258,0.0060046,-0.86989,-0.888634,10,3,51
0.5,0.00324953,-1.22697,0.0223972,4.65137,-0.864408,-0.0089135,-1.28719,0.648038,-0.0280822,2.04145,-0.0280822,2.04145,6.37651e-05,-0.86989,-0.888634,10,3,51
0,0.0627743,1.15336,-0.555194,-3.11956,-0.866605,0.0307684,-1.12738,-2.2345,-0.125155,9.09096,-0.125155,9.09096,0.037817,-0.86989,-0.888634,10,3,51
0.05,0.116589,0.981788,-0.692545,-2.33224,-0.865223,0.0245106,-1.22774,-1.77995,-0.120202,8.73093,-0.120202,8.73093,0.0586647,-0.86989,-0.888634,10,3,51
0.1,0.159345,0.714684,-0.784563,-1.32192,-0.864148,0.0185006,-1.30583,-1.34341,-0.112924,8.20213,-0.112924,8.20213,0.0750158,-0.86989,-0.888634,10,3,51
0.15,0.186888,0.378235,-0.822393,-0.181002,-0.863364,0.0128544,-1.36274,-0.933299,-0.103824,7.54099,-0.103824,7.54099,0.0825135,-0.86989,-0.888634,10,3,51
0.2,0.196545,0.00499884,-0.801849,0.997118,-0.862851,0.00766314,-1.39998,-0.55625,-0.09338,6.78222,-0.09338,6.78222,0.0791843,-0.86989,-0.888634,10,3,51
0.25,0.187365,-0.369217,-0.723377,2.12013,-0.862584,0.00299414,-1.41932,-0.217139,-0.0820373,5.95824,-0.0820373,5.95824,0.0656224,-0.86989,-0.888634,10,3,51
0.3,0.160203,-0.708497,-0.592054,3.09487,-0.862537,-0.00110772,-1.42273,0.0807734,-0.0702033,5.09859,-0.0702033,5.09859,0.0450265,-0.86989,-0.888634,10,3,51
0.35,0.117647,-0.97997,-0.41762,3.82918,-0.86268,-0.00461789,-1.41231,0.335703,-0.0582414,4.22969,-0.0582414,4.22969,0.0229731,-0.86989,-0.888634,10,3,51
0.4,0.063787,-1.15693,-0.214193,4.24275,-0.862984,-0.00752996,-1.39024,0.547187,-0.0464683,3.37451,-0.0464683,3.37451,0.00618493,-0.86989,-0.888634,10,3,51
0.45,0.0038328,-1.22171,0.00075432,4.28504,-0.863419,-0.00985337,-1.35866,0.715913,-0.0351522,2.55256,-0.0351522,2.55256,1.89979e-06,-0.86989,-0.888634,10,3,51
0.5,-0.0563937,-1.16775,0.208307,3.95043,-0.863955,-0.011611,-1.31968,0.843541,-0.0245133,1.77981,-0.0245133,1.77981,0.00577004,-0.86989,-0.888634,10,3,51
0,0.15892,0.710122,-0.759195,-1.0452,-0.863702,0.0237639,-1.33808,-1.72415,-0.133171,9.66691,-0.133171,9.66691,0.0706539,-0.86989,-0.888634,10,3,51
0.05,0.186284,0.375685,-0.785743,-0.00913863,-0.86268,0.0171053,-1.4122,-1.2408,-0.123413,8.95811,-0.123413,8.95811,0.0760362,-0.86989,-0.888634,10,3,51
0.1,0.195868,0.00466644,-0.759466,1.05261,-0.861979,0.0109347,-1.46305,-0.792899,-0.111911,8.12282,-0.111911,8.12282,0.071877,-0.86989,-0.888634,10,3,51
0.15,0.186727,-0.367351,-0.681239,2.05375,-0.861572,0.00533912,-1.49254,-0.386758,-0.0991929,7.19931,-0.0991929,7.19931,0.0589407,-0.86989,-0.888634,10,3,51
0.2,0.159708,-0.704671,-0.556233,2.9089,-0.861429,0.000379477,-1.50288,-0.0267922,-0.0857436,6.2228,-0.0857436,6.2228,0.0402279,-0.86989,-0.888634,10,3,51
0.25,0.117383,-0.974624,-0.393804,3.53736,-0.861518,-0.0039077,-1.49644,0.284348,-0.072,5.22499,-0.072,5.22499,0.0206418,-0.86989,-0.888634,10,3,51
0.3,0.0638162,-1.15067,-0.207035,3.87296,-0.861803,-0.0075077,-1.47569,0.545598,-0.0583461,4.23376,-0.0583461,4.23376,0.00581349,-0.86989,-0.888634,10,3,51
0.35,0.00418355,-1.21522,-0.0116754,3.87752,-0.862251,-0.010425,-1.44312,0.757286,-0.045111,3.27297,-0.045111,3.27297,1.915e-05,-0.86989,-0.888634,10,3,51
0.4,-0.0557286,-1.16177,0.175544,3.55101,-0.862829,-0.0126806,-1.40116,0.920934,-0.032568,2.36247,-0.032568,2.36247,0.00420732,-0.86989,-0.888634,10,3,51
0.45,-0.110105,-0.99566,0.33887,2.93152,-0.863504,-0.014309,-1.35216,1.03906,-0.0209354,1.5181,-0.0209354,1.5181,0.0155825,-0.86989,-0.888634,10,3,51
0.5,-0.153684,-0.733458,0.465216,2.08516,-0.864245,-0.0153557,-1.29831,1.11496,-0.0103789,0.751883,-0.0103789,0.751883,0.0290854,-0.86989,-0.888634,10,3,51
0,-0.27139,3.06407,-0.201234,3.29425,0.802231,1.65645,0.277613,2.03685,-3.54725,-4.36188,-3.54725,-4.36188,0.0139543,0.944441,0.45248,10,3,57
0.05,-0.103245,3.6088,-0.0240788,3.73535,0.880619,1.47909,0.374003,1.81876,-3.79905,-4.6715,-3.79905,-4.6715,0.00139774,0.944441,0.45248,10,3,57
0.1,0.083974,3.81911,0.166582,3.82869,0.949825,1.28914,0.459102,1.58518,-3.92125,-4.82176,-3.92125,-4.82176,0.0043121,0.944441,0.45248,10,3,57
0.15,0.27253,3.66171,0.352662,3.55413,1.00938,1.09307,0.532333,1.34409,-3.92861,-4.83081,-3.92861,-4.83081,0.0239485,0.944441,0.45248,10,3,57
0.2,0.44421,3.15127,0.516287,2.93989,1.05912,0.896642,0.5935,1.10255,-3.83675,-4.71785,-3.83675,-4.71785,0.0534706,0.944441,0.45248,10,3,57
0.25,0.58266,2.34541,0.642036,2.0532,1.09916,0.704805,0.64273,0.86666,-3.6616,-4.50248,-3.6616,-4.50248,0.0824851,0.944441,0.45248,10,3,57
0.3,0.675141,1.32788,0.718444,0.982066,1.12982,0.521725,0.680435,0.641536,-3.41899,-4.20416,-3.41899,-4.20416,0.102669,0.944441,0.45248,10,3,57
0.35,0.713376,0.191361,0.738621,-0.180273,1.15164,0.350776,0.707256,0.431328,-3.12427,-3.84175,-3.12427,-3.84175,0.109784,0.944441,0.45248,10,3,57
0.4,0.693738,-0.971558,0.700318,-1.34153,1.16527,0.194562,0.724021,0.239241,-2.79196,-3.43313,-2.79196,-3.43313,0.102613,0.944441,0.45248,10,3,57
0.45,0.617206,-2.06877,0.605897,-2.40916,1.17151,0.0549641,0.731691,0.0675843,-2.43555,-2.99486,-2.43555,-2.99486,0.082087,0.944441,0.45248,10,3,57
0.5,0.489404,-3.00643,0.462394,-3.28883,1.17121,-0.0668133,0.731327,-0.082159,-2.06725,-2.54199,-2.06725,-2.54199,0.052308,0.944441,0.45248,10,3,57
0,-0.10754,3.43749,-0.0294304,3.52235,0.885057,1.65658,0.379458,2.03698,-4.3759,-5.38072,-4.3759,-5.38072,0.00154564,0.944441,0.45248,10,3,57
0.05,0.0721763,3.6928,0.151896,3.67133,0.962416,1.43778,0.474581,1.76794,-4.49311,-5.52484,-4.49311,-5.52484,0.00350783,0.944441,0.45248,10,3,57
0.1,0.2558,3.59213,0.331806,3.46631,1.02869,1.21313,0.556072,1.4917,-4.48187,-5.51103,-4.48187,-5.51103,0.0212418,0.944441,0.45248,10,3,57
0.15,0.425508,3.14211,0.492876,2.92559,1.08374,0.989036,0.623769,1.21615,-4.36013,-5.36134,-4.36013,-5.36134,0.0491979,0.944441,0.45248,10,3,57
0.2,0.564934,2.39268,0.619652,2.1075,1.12774,0.77103,0.677874,0.948084,-4.14613,-5.09819,-4.14613,-5.09819,0.0777897,0.944441,0.45248,10,3,57
0.25,0.660997,1.4224,0.700266,1.09429,1.16111,0.563723,0.718906,0.693174,-3.8579,-4.74378,-3.8579,-4.74378,0.0986995,0.944441,0.45248,10,3,57
0.3,0.704891,0.321484,0.727215,-0.0235716,1.18448,0.370829,0.747635,0.455985,-3.51285,-4.3195,-3.51285,-4.3195,0.107319,0.944441,0.45248,10,3,57
0.35,0.692377,-0.818599,0.697541,-1.15526,1.19863,0.195186,0.765035,0.24001,-3.12743,-3.84558,-3.12743,-3.84558,0.102105,0.944441,0.45248,10,3,57
0.4,0.623768,-1.90685,0.612817,-2.21003,1.20448,0.0388149,0.772228,0.0477309,-2.71681,-3.34067,-2.71681,-3.34067,0.0836685,0.944441,0.45248,10,3,57
0.45,0.503958,-2.85105,0.479186,-3.096,1.20302,-0.0970258,0.770439,-0.119303,-2.29474,-2.82168,-2.29474,-2.82168,0.0555143,0.944441,0.45248,10,3,57
0.5,0.342448,-3.56005,0.307338,-3.72464,1.1953,-0.211763,0.760947,-0.260387,-1.87333,-2.30351,-1.87333,-2.30351,0.0254482,0.944441,0.45248,10,3,57
0,0.0667588,3.47777,0.145231,3.40741,0.967889,1.65672,0.481311,2.03712,-5.20464,-6.39967,-5.20464,-6.39967,0.00317017,0.944441,0.45248,10,3,57
0.05,0.240949,3.43271,0.313552,3.27009,1.04422,1.39649,0.575167,1.71714,-5.18725,-6.37828,-5.18725,-6.37828,0.0189826,0.944441,0.45248,10,3,57
0.1,0.404366,3.05138,0.466845,2.81249,1.10756,1.13713,0.653051,1.39822,-5.04256,-6.20038,-5.04256,-6.20038,0.0445773,0.944441,0.45248,10,3,57
0.15,0.54106,2.37423,0.590146,2.08176,1.15811,0.884998,0.715212,1.0882,-4.79171,-5.89193,-4.79171,-5.89193,0.0716666,0.944441,0.45248,10,3,57
0.2,0.637922,1.47199,0.671562,1.15121,1.19637,0.645412,0.762257,0.793607,-4.45556,-5.47859,-4.45556,-5.47859,0.092406,0.944441,0.45248,10,3,57
0.25,0.685802,0.429891,0.703205,0.105745,1.22307,0.422634,0.795089,0.519677,-4.05423,-4.98513,-4.05423,-4.98513,0.102011,0.944441,0.45248,10,3,57
0.3,0.679923,-0.663334,0.681514,-0.96726,1.23914,0.219923,0.814842,0.270421,-3.60674,-4.43488,-3.60674,-4.43488,0.0986249,0.944441,0.45248,10,3,57
0.35,0.619947,-1.71894,0.6073,-1.98024,1.24563,0.0395858,0.822819,0.0486768,-3.1306,-3.84942,-3.1306,-3.84942,0.0825745,0.944441,0.45248,10,3,57
0.4,0.509986,-2.64761,0.48576,-2.84543,1.24369,-0.116944,0.820441,-0.143794,-2.64167,-3.24823,-2.64167,-3.24823,0.0568239,0.944441,0.45248,10,3,57
0.45,0.358606,-3.3614,0.326424,-3.4786,1.23454,-0.249028,0.809191,-0.306206,-2.15393,-2.6485,-2.15393,-2.6485,0.0281517,0.944441,0.45248,10,3,57
0.5,0.17856,-3.78309,0.142735,-3.80986,1.2194,-0.356725,0.79057,-0.438631,-1.6794,-2.06501,-1.6794,-2.06501,0.00645089,0.944441,0.45248,10,3,57
0,0.23455,3.17992,0.305782,2.96374,1.05073,1.65684,0.58317,2.03724,-6.03341,-7.41862,-6.03341,-7.41862,0.0180522,0.944441,0.45248,10,3,57
0.05,0.38685,2.8626,0.445591,2.58321,1.12603,1.35517,0.675759,1.66631,-5.8814,-7.23171,-5.8814,-7.23171,0.0409172,0.944441,0.45248,10,3,57
0.1,0.516015,2.26352,0.559726,1.94639,1.18644,1.0611,0.750035,1.30472,-5.60326,-6.88972,-5.60326,-6.88972,0.0654715,0.944441,0.45248,10,3,57
0.15,0.609396,1.44374,0.636852,1.11549,1.23249,0.780937,0.806659,0.960238,-5.22328,-6.4225,-5.22328,-6.4225,0.0848462,0.944441,0.45248,10,3,57
0.2,0.657863,0.481063,0.669143,0.166861,1.26501,0.519773,0.846642,0.639113,-4.76496,-5.85896,-4.76496,-5.85896,0.0944558,0.944441,0.45248,10,3,57
0.25,0.656357,-0.540747,0.652741,-0.818146,1.28504,0.281524,0.871274,0.346165,-4.25054,-5.22644,-4.25054,-5.22644,0.09229,0.944441,0.45248,10,3,57
0.3,0.604044,-1.53684,0.587884,-1.75721,1.2938,0.0689973,0.882049,0.0848428,-3.70059,-4.55022,-3.70059,-4.55022,0.0784674,0.944441,0.45248,10,3,57
0.35,0.504333,-2.42226,0.47892,-2.56858,1.29263,-0.116032,0.880604,-0.142668,-3.13374,-3.85323,-3.13374,-3.85323,0.0555276,0.944441,0.45248,10,3,57
0.4,0.36485,-3.11427,0.334207,-3.17481,1.28291,-0.27272,0.868654,-0.33533,-2.5665,-3.15575,-2.5665,-3.15575,0.0292599,0.944441,0.45248,10,3,57
0.45,0.197153,-3.54015,0.165693,-3.51148,1.26606,-0.401044,0.847943,-0.493117,-2.01308,-2.47527,-2.01308,-2.47527,0.00816772,0.944441,0.45248,10,3,57
0.5,0.0159188,-3.65025,-0.0120285,-3.53945,1.24349,-0.501698,0.820193,-0.616881,-1.48543,-1.82648,-1.48543,-1.82648,4.95596e-05,0.944441,0.45248,10,3,57
0,0.379676,2.58015,0.436964,2.24382,1.13357,1.65694,0.685034,2.03733,-6.86211,-8.43753,-6.86211,-8.43753,0.0394623,0.944441,0.45248,10,3,57
0.05,0.496393,2.05138,0.536138,1.69144,1.20784,1.31383,0.776354,1.61545,-6.57549,-8.0851,-6.57549,-8.0851,0.0607738,0.944441,0.45248,10,3,57
0.1,0.581261,1.31733,0.603042,0.964032,1.26531,0.98506,0.84702,1.2112,-6.16389,-7.57899,-6.16389,-7.57899,0.0776002,0.944441,0.45248,10,3,57
0.15,0.625692,0.446776,0.630535,0.12746,1.30686,0.676866,0.898106,0.832249,-5.65479,-6.95301,-5.65479,-6.95301,0.0859802,0.944441,0.45248,10,3,57
0.2,0.62476,-0.483666,0.614963,-0.745605,1.33363,0.394127,0.931027,0.484599,-5.07432,-6.23927,-5.07432,-6.23927,0.0840362,0.944441,0.45248,10,3,57
0.25,0.577444,-1.39505,0.556365,-1.58061,1.347,0.140411,0.947458,0.172635,-4.4468,-5.46769,-4.4468,-5.46769,0.0718378,0.944441,0.45248,10,3,57
0.3,0.486671,-2.20857,0.458494,-2.30415,1.34846,-0.0819294,0.949255,-0.100749,-3.7944,-4.6655,-3.7944,-4.6655,0.0516411,0.944441,0.45248,10,3,57
0.35,0.359252,-2.84865,0.328663,-2.84805,1.33962,-0.27165,0.938386,-0.334024,-3.13685,-3.85699,-3.13685,-3.85699,0.0283731,0.944441,0.45248,10,3,57
0.4,0.205562,-3.24977,0.177324,-3.15659,1.32212,-0.428492,0.916863,-0.526874,-2.49129,-3.06321,-2.49129,-3.06321,0.00906461,0.944441,0.45248,10,3,57
0.45,0.0387853,-3.367,0.0172097,-3.19572,1.29758,-0.553056,0.886691,-0.680034,-1.87221,-2.302,-1.87221,-2.302,0.000224107,0.944441,0.45248,10,3,57
0.5,-0.126377,-3.18594,-0.137945,-2.96028,1.26759,-0.646666,0.849812,-0.795135,-1.29144,-1.58791,-1.29144,-1.58791,0.00433223,0.944441,0.45248,10,3,57
0,0.488625,1.74571,0.526818,1.32448,1.21642,1.65701,0.786903,2.0374,-7.69082,-9.45643,-7.69082,-9.45643,0.058949,0.944441,0.45248,10,3,57
0.05,0.560011,1.08739,0.57755,0.68874,1.28966,1.27247,0.876952,1.56458,-7.26957,-8.93846,-7.26957,-8.93846,0.0722529,0.944441,0.45248,10,3,57
0.1,0.595222,0.3104,0.594056,-0.033563,1.34419,0.908991,0.944008,1.11766,-6.7245,-8.26825,-6.7245,-8.26825,0.0781451,0.944441,0.45248,10,3,57
0.15,0.590012,-0.517171,0.573552,-0.780176,1.38124,0.572766,0.989556,0.704243,-6.08626,-7.48349,-6.08626,-7.48349,0.0752061,0.944441,0.45248,10,3,57
0.2,0.543625,-1.32418,0.516432,-1.48679,1.40227,0.268453,1.01541,0.330069,-5.38363,-6.61954,-5.38363,-6.61954,0.0636877,0.944441,0.45248,10,3,57
0.25,0.458869,-2.03994,0.426276,-2.09096,1.40896,-0.00072864,1.02364,-0.000908469,-4.64301,-5.7089,-4.64301,-5.7089,0.0457356,0.944441,0.45248,10,3,57
0.3,0.341996,-2.59812,0.309652,-2.53653,1.40312,-0.232879,1.01646,-0.286353,-3.88816,-4.78075,-3.88816,-4.78075,0.025577,0.944441,0.45248,10,3,57
0.35,0.202345,-2.9429,0.175658,-2.77961,1.38662,-0.427287,0.996167,-0.525391,-3.13989,-3.8607,-3.13989,-3.8607,0.00883359,0.944441,0.45248,10,3,57
0.4,0.0516111,-3.03729,0.0351445,-2.79498,1.36133,-0.584282,0.965072,-0.718426,-2.41602,-2.97064,-2.41602,-2.97064,0.000485112,0.944441,0.45248,10,3,57
0.45,-0.0972878,-2.87031,-0.100346,-2.58072,1.32909,-0.705083,0.925437,-0.866958,-1.73127,-2.1287,-1.73127,-2.1287,0.00242412,0.944441,0.45248,10,3,57
0.5,-0.231601,-2.45944,-0.219778,-2.15855,1.29168,-0.791647,0.879429,-0.973393,-1.0974,-1.34931,-1.0974,-1.34931,0.0124778,0.944441,0.45248,10,3,57
0,0.098938,-2.55015,-0.0360446,4.29722,-0.917114,-0.880189,0.585982,2.12586,2.26077,-5.46029,2.26077,-5.46029,0.00137865,-0.955094,0.677711,10,3,72
0.05,-0.0341032,-2.72828,0.183807,4.42485,-0.958298,-0.767151,0.68545,1.85285,2.33349,-5.63592,2.33349,-5.63592,0.00433677,-0.955094,0.677711,10,3,72
0.1,-0.1695,-2.64351,0.399342,4.12659,-0.993738,-0.650476,0.771047,1.57105,2.33787,-5.64651,2.33787,-5.64651,0.0228797,-0.955094,0.677711,10,3,72
0.15,-0.294142,-2.30215,0.589866,3.43567,-1.02334,-0.533583,0.842541,1.28872,2.2832,-5.51448,2.2832,-5.51448,0.0509643,-0.955094,0.677711,10,3,72
0.2,-0.395968,-1.73909,0.737633,2.43301,-1.04716,-0.419422,0.900084,1.013,2.17898,-5.26273,2.17898,-5.26273,0.0789829,-0.955094,0.677711,10,3,72
0.25,-0.46523,-1.01045,0.829595,1.2215,-1.06541,-0.310474,0.944156,0.749863,2.0346,-4.91404,2.0346,-4.91404,0.0987494,-0.955094,0.677711,10,3,72
0.3,-0.495324,-0.184451,0.857929,-0.0950268,-1.07839,-0.208744,0.975507,0.504161,1.85922,-4.49044,1.85922,-4.49044,0.105724,-0.955094,0.677711,10,3,72
0.35,-0.483205,0.665536,0.819858,-1.41837,-1.08651,-0.115783,0.995102,0.279639,1.66147,-4.01282,1.66147,-4.01282,0.0985527,-0.955094,0.677711,10,3,72
0.4,-0.42954,1.46493,0.717464,-2.6509,-1.09022,-0.0327094,1.00407,0.0789981,1.44937,-3.50056,1.44937,-3.50056,0.0784281,-0.955094,0.677711,10,3,72
0.45,-0.338697,2.14088,0.557849,-3.68909,-1.09004,0.0397591,1.00364,-0.0960299,1.2302,-2.97122,1.2302,-2.97122,0.0497509,-0.955094,0.677711,10,3,72
0.5,-0.218548,2.62706,0.353402,-4.42679,-1.08652,0.101269,0.995126,-0.244591,1.01041,-2.44038,1.01041,-2.44038,0.0209449,-0.955094,0.677711,10,3,72
0,-0.0313015,-2.61705,0.177044,4.15722,-0.961128,-0.880381,0.692284,2.1262,2.70148,-6.52433,2.70148,-6.52433,0.00401228,-0.955094,0.677711,10,3,72
0.05,-0.16182,-2.56114,0.380815,3.92694,-1.00177,-0.745307,0.790439,1.79998,2.70268,-6.52723,2.70268,-6.52723,0.0208578,-0.955094,0.677711,10,3,72
0.1,-0.283224,-2.25591,0.563366,3.3178,-1.03566,-0.610173,0.872279,1.47362,2.63615,-6.36654,2.63615,-6.36654,0.0468671,-0.955094,0.677711,10,3,72
0.15,-0.383705,-1.73176,0.70734,2.39899,-1.06287,-0.478365,0.938002,1.15529,2.51286,-6.06879,2.51286,-6.06879,0.0734993,-0.955094,0.677711,10,3,72
0.2,-0.453548,-1.04063,0.799572,1.26528,-1.08365,-0.352722,0.98818,0.851855,2.3437,-5.66026,2.3437,-5.66026,0.0929904,-0.955094,0.677711,10,3,72
0.25,-0.485991,-0.2475,0.831829,0.0168244,-1.09835,-0.235537,1.0237,0.568842,2.13921,-5.1664,2.13921,-5.1664,0.100711,-0.955094,0.677711,10,3,72
0.3,-0.477698,0.576691,0.800812,-1.24952,-1.10746,-0.128576,1.04568,0.310523,1.90936,-4.61128,1.90936,-4.61128,0.095069,-0.955094,0.677711,10,3,72
0.35,-0.428929,1.35934,0.70801,-2.43797,-1.1115,-0.0331082,1.05544,0.0799588,1.66338,-4.01721,1.66338,-4.01721,0.0769805,-0.955094,0.677711,10,3,72
0.4,-0.343556,2.0293,0.559786,-3.44907,-1.11108,0.0500607,1.05442,-0.120902,1.40963,-3.40439,1.40963,-3.40439,0.0503351,-0.955094,0.677711,10,3,72
0.45,-0.228881,2.52144,0.367542,-4.18224,-1.10681,0.120542,1.04412,-0.291121,1.15554,-2.79073,1.15554,-2.79073,0.0226899,-0.955094,0.677711,10,3,72
0.5,-0.0951627,2.7841,0.147444,-4.55116,-1.09934,0.178319,1.02608,-0.430657,0.907491,-2.19167,0.907491,-2.19167,0.00381608,-0.955094,0.677711,10,3,72
0,-0.158477,-2.42879,0.37297,3.61857,-1.00515,-0.880577,0.798602,2.12652,3.14229,-7.58847,3.14229,-7.58847,0.0200247,-0.955094,0.677711,10,3,72
0.05,-0.274067,-2.15746,0.541915,3.0853,-1.04525,-0.723462,0.895442,1.7471,3.07196,-7.4186,3.07196,-7.4186,0.0436378,-0.955094,0.677711,10,3,72
0.1,-0.370653,-1.67543,0.676479,2.25666,-1.07758,-0.569865,0.973524,1.37617,2.9345,-7.08663,2.9345,-7.08663,0.0680199,-0.955094,0.677711,10,3,72
0.15,-0.438808,-1.02975,0.763932,1.21675,-1.10241,-0.42314,1.03347,1.02183,2.74257,-6.62313,2.74257,-6.62313,0.0862269,-0.955094,0.677711,10,3,72
0.2,-0.471825,-0.281034,0.796042,0.0590802,-1.12014,-0.286011,1.07629,0.690678,2.50847,-6.05779,2.50847,-6.05779,0.0938458,-0.955094,0.677711,10,3,72
0.25,-0.466222,0.503373,0.769262,-1.12304,-1.1313,-0.160588,1.10325,0.387789,2.24385,-5.41874,2.24385,-5.41874,0.0892045,-0.955094,0.677711,10,3,72
0.3,-0.421951,1.25398,0.684679,-2.23704,-1.13653,-0.0483949,1.11586,0.116852,1.95952,-4.73209,1.95952,-4.73209,0.0730364,-0.955094,0.677711,10,3,72
0.35,-0.342423,1.90256,0.548045,-3.18881,-1.1365,0.0495811,1.11579,-0.119753,1.6653,-4.02155,1.6653,-4.02155,0.0488061,-0.955094,0.677711,10,3,72
0.4,-0.234339,2.38655,0.369817,-3.8856,-1.13194,0.132846,1.10478,-0.32083,1.36989,-3.30817,1.36989,-3.30817,0.0231796,-0.955094,0.677711,10,3,72
0.45,-0.107253,2.65585,0.164815,-4.24866,-1.12358,0.201341,1.0846,-0.486239,1.08086,-2.61018,1.08086,-2.61018,0.00478566,-0.955094,0.677711,10,3,72
0.5,0.0272574,2.68078,-0.0489501,-4.23229,-1.11216,0.255384,1.05703,-0.616748,0.804553,-1.94291,0.804553,-1.94291,0.000390639,-0.955094,0.677711,10,3,72
0,-0.270245,-2.00641,0.533367,2.75042,-1.04919,-0.880761,0.904934,2.12679,3.58324,-8.6526,3.58324,-8.6526,0.0423681,-0.955094,0.677711,10,3,72
0.05,-0.360187,-1.56264,0.653116,2.00249,-1.08875,-0.701599,1.00046,1.69416,3.44135,-8.30995,3.44135,-8.30995,0.0639353,-0.955094,0.677711,10,3,72
0.1,-0.423859,-0.964471,0.730227,1.05934,-1.11953,-0.529531,1.07478,1.27866,3.23293,-7.80666,3.23293,-7.80666,0.0799054,-0.955094,0.677711,10,3,72
0.15,-0.454894,-0.26752,0.75704,0.005676,-1.14196,-0.367885,1.12895,0.88833,2.97234,-7.17741,2.97234,-7.17741,0.0864144,-0.955094,0.677711,10,3,72
0.2,-0.449906,0.465454,0.730212,-1.0712,-1.15664,-0.219268,1.1644,0.529459,2.67328,-6.45525,2.67328,-6.45525,0.0819475,-0.955094,0.677711,10,3,72
0.25,-0.408723,1.16919,0.650764,-2.08394,-1.16426,-0.085604,1.1828,0.206697,2.34851,-5.671,2.34851,-5.671,0.0672088,-0.955094,0.677711,10,3,72
0.3,-0.334425,1.7796,0.524085,-2.94548,-1.16561,0.0318213,1.18605,-0.076853,2.00968,-4.85281,2.00968,-4.85281,0.0453636,-0.955094,0.677711,10,3,72
0.35,-0.233177,2.23814,0.359847,-3.57288,-1.1615,0.132305,1.17614,-0.319493,1.66719,-4.0258,1.66719,-4.0258,0.0222553,-0.955094,0.677711,10,3,72
0.4,-0.113808,2.49802,0.171554,-3.89804,-1.15281,0.215665,1.15513,-0.520784,1.33012,-3.21186,1.33012,-3.21186,0.00524233,-0.955094,0.677711,10,3,72
0.45,0.0129522,2.53112,-0.0245567,-3.88241,-1.14036,0.282171,1.12508,-0.681377,1.00614,-2.42954,1.00614,-2.42954,9.5953e-05,-0.955094,0.677711,10,3,72
0.5,0.135556,2.33331,-0.211304,-3.52763,-1.12499,0.332478,1.08797,-0.802854,0.70156,-1.69405,0.70156,-1.69405,0.00777159,-0.955094,0.677711,10,3,72
0,-0.355942,-1.39498,0.644112,1.64947,-1.09323,-0.880905,1.01128,2.12698,4.02408,-9.71663,4.02408,-9.71663,0.0623717,-0.955094,0.677711,10,3,72
0.05,-0.412234,-0.83908,0.705606,0.791655,-1.13225,-0.679701,1.10548,1.64115,3.81062,-9.20117,3.81062,-9.20117,0.075335,-0.955094,0.677711,10,3,72
0.1,-0.438286,-0.194984,0.72159,-0.156932,-1.16147,-0.48917,1.17604,1.18109,3.53124,-8.52655,3.53124,-8.52655,0.079731,-0.955094,0.677711,10,3,72
0.15,-0.431112,0.479647,0.68951,-1.11675,-1.18151,-0.312608,1.22444,0.754763,3.202,-7.73153,3.202,-7.73153,0.0744605,-0.955094,0.677711,10,3,72
0.2,-0.39069,1.12465,0.610807,-2.00782,-1.19314,-0.152508,1.25251,0.368186,2.83798,-6.85254,2.83798,-6.85254,0.0603932,-0.955094,0.677711,10,3,72
0.25,-0.319988,1.68119,0.490884,-2.75218,-1.19722,-0.0106095,1.26235,0.025559,2.45306,-5.92309,2.45306,-5.92309,0.0405497,-0.955094,0.677711,10,3,72
0.3,-0.224794,2.09617,0.338899,-3.27886,-1.19468,0.112044,1.25623,-0.270596,2.05974,-4.97337,2.05974,-4.97337,0.0200713,-0.955094,0.677711,10,3,72
0.35,-0.113291,2.3278,0.167205,-3.53303,-1.1865,0.215031,1.23648,-0.519264,1.66901,-4.0299,1.66901,-4.0299,0.00504661,-0.955094,0.677711,10,3,72
0.4,0.00465409,2.35159,-0.00973494,-3.48675,-1.17367,0.298481,1.20548,-0.720759,1.29028,-3.11541,1.29028,-3.11541,1.44952e-05,-0.955094,0.677711,10,3,72
0.45,0.11848,2.16456,-0.17689,-3.14573,-1.15713,0.362996,1.16555,-0.87653,0.931372,-2.24878,0.931372,-2.24878,0.00560384,-0.955094,0.677711,10,3,72
0.5,0.218035,1.78587,-0.320343,-2.54786,-1.13782,0.409564,1.11891,-0.988969,0.598526,-1.44509,0.598526,-1.44509,0.0182626,-0.955094,0.677711,10,3,72
0,-0.407593,-0.655504,0.696135,0.418241,-1.13727,-0.880983,1.11763,2.12707,4.46471,-10.7804,4.46471,-10.7804,0.0735882,-0.955094,0.677711,10,3,72
0.05,-0.425567,-0.0579016,0.695648,-0.437458,-1.17574,-0.657748,1.21051,1.58805,4.17969,-10.0921,4.17969,-10.0921,0.074907,-0.955094,0.677711,10,3,72
0.1,-0.412966,0.557921,0.652402,-1.27904,-1.2034,-0.448763,1.2773,1.08344,3.82936,-9.24618,3.82936,-9.24618,0.0677711,-0.955094,0.677711,10,3,72
0.15,-0.37025,1.13729,0.568889,-2.03544,-1.22105,-0.257295,1.31991,0.621135,3.43147,-8.28539,3.43147,-8.28539,0.053433,-0.955094,0.677711,10,3,72
0.2,-0.300578,1.62745,0.451067,-2.63994,-1.22963,-0.0857217,1.34061,0.206866,3.0025,-7.24958,3.0025,-7.24958,0.0349515,-0.955094,0.677711,10,3,72
0.25,-0.20961,1.98198,0.308008,-3.03594,-1.23016,0.0644035,1.34189,-0.155614,2.55746,-6.17496,2.55746,-6.17496,0.0169117,-0.955094,0.677711,10,3,72
0.3,-0.105068,2.16574,0.151204,-3.18468,-1.22374,0.192276,1.32639,-0.464362,2.10967,-5.09372,2.10967,-5.09372,0.00419844,-0.955094,0.677711,10,3,72
0.35,0.00396148,2.15987,-0.0065095,-3.07222,-1.21149,0.29776,1.29681,-0.719048,1.67071,-4.03381,1.67071,-4.03381,7.22927e-06,-0.955094,0.677711,10,3,72
0.4,0.107921,1.96482,-0.152295,-2.71231,-1.19452,0.381295,1.25581,-0.920738,1.25034,-3.01879,1.25034,-3.01879,0.0043139,-0.955094,0.677711,10,3,72
0.45,0.197767,1.60031,-0.274642,-2.14336,-1.17389,0.443812,1.206,-1.07168,0.856512,-2.06787,0.856512,-2.06787,0.0140036,-0.955094,0.677711,10,3,72
0.5,0.265866,1.10221,-0.364434,-1.42115,-1.15063,0.486638,1.14983,-1.17507,0.495423,-1.196,0.495423,-1.196,0.0245269,-0.955094,0.677711,10,3,72
0,0.0350418,-0.945569,-0.212786,-4.54363,0.0269992,-0.0622015,-0.866631,-1.99779,0.189202,6.07681,0.189202,6.07681,0.00576527,0.027259,-0.858287,10,3,103
0.05,-0.0134065,-0.976581,-0.433271,-4.20432,0.0241256,-0.0527414,-0.958924,-1.69395,0.189558,6.08822,0.189558,6.08822,0.0230285,0.027259,-0.858287,10,3,103
0.1,-0.0610143,-0.912245,-0.626525,-3.46676,0.0217255,-0.0432635,-1.03601,-1.38954,0.185125,5.94586,0.185125,5.94586,0.0476679,0.027259,-0.858287,10,3,103
0.15,-0.10313,-0.758738,-0.774672,-2.41766,0.0197937,-0.0340072,-1.09806,-1.09225,0.176674,5.67443,0.176674,5.67443,0.0719976,0.027259,-0.858287,10,3,103
0.2,-0.135637,-0.531059,-0.864785,-1.16377,0.0183142,-0.0251735,-1.14558,-0.808524,0.164968,5.29846,0.164968,5.29846,0.0889316,0.027259,-0.858287,10,3,103
0.25,-0.155356,-0.251367,-0.889288,0.18947,0.0172618,-0.0169251,-1.17938,-0.543601,0.150748,4.84172,0.150748,4.84172,0.0940279,0.027259,-0.858287,10,3,103
0.3,-0.160347,0.0532994,-0.845702,1.54336,0.0166039,-0.0093877,-1.20051,-0.301515,0.134714,4.32674,0.134714,4.32674,0.0859801,0.027259,-0.858287,10,3,103
0.35,-0.150091,0.353595,-0.736435,2.79937,0.0163029,-0.00265202,-1.21017,-0.085178,0.117517,3.7744,0.117517,3.7744,0.0665979,0.027259,-0.858287,10,3,103
0.4,-0.125539,0.620539,-0.568988,3.85191,0.0163172,0.00322381,-1.20971,0.103542,0.0997462,3.20365,0.0997462,3.20365,0.0408816,0.027259,-0.858287,10,3,103
0.45,-0.0890246,0.828173,-0.356279,4.59195,0.0166031,0.00821112,-1.20053,0.263725,0.0819255,2.63129,0.0819255,2.63129,0.016561,0.027259,-0.858287,10,3,103
0.5,-0.0440523,0.956084,-0.116375,4.92714,0.0171161,0.0123074,-1.18406,0.395289,0.064507,2.07184,0.064507,2.07184,0.00192417,0.027259,-0.858287,10,3,103
0,-0.013171,-0.967241,-0.42605,-3.92118,0.0238882,-0.062239,-0.966526,-1.99799,0.220425,7.07636,0.220425,7.07636,0.0222789,0.027259,-0.858287,10,3,103
0.05,-0.0603693,-0.905334,-0.606782,-3.25184,0.0210518,-0.0512177,-1.05758,-1.64417,0.215725,6.92545,0.215725,6.92545,0.0448224,0.027259,-0.858287,10,3,103
0.1,-0.102215,-0.754909,-0.746145,-2.28237,0.0187606,-0.0404315,-1.13113,-1.2979,0.206279,6.62215,0.206279,6.62215,0.0671109,0.027259,-0.858287,10,3,103
0.15,-0.134614,-0.530624,-0.831538,-1.11049,0.0169968,-0.0301175,-1.18775,-0.966792,0.192974,6.195,0.192974,6.195,0.0827564,0.027259,-0.858287,10,3,103
0.2,-0.154396,-0.254279,-0.855375,0.162999,0.0157322,-0.0204688,-1.22834,-0.657042,0.176675,5.67171,0.176675,5.67171,0.0876148,0.027259,-0.858287,10,3,103
0.25,-0.159608,0.0474296,-0.815011,1.44119,0.0149296,-0.0116351,-1.25411,-0.373457,0.1582,5.07858,0.1582,5.07858,0.0803915,0.027259,-0.858287,10,3,103
0.3,-0.149705,0.345452,-0.712611,2.62761,0.0145456,-0.0037251,-1.26643,-0.119528,0.13831,4.44004,0.13831,4.44004,0.0626997,0.027259,-0.858287,10,3,103
0.35,-0.125597,0.611036,-0.555262,3.62157,0.0145322,0.00319038,-1.26686,0.102474,0.117697,3.77829,0.117697,3.77829,0.0390758,0.027259,-0.858287,10,3,103
0.4,-0.0895699,0.818366,-0.355137,4.32213,0.0148388,0.00907523,-1.25701,0.291388,0.0969759,3.11308,0.0969759,3.11308,0.0164737,0.027259,-0.858287,10,3,103
0.45,-0.0450719,0.947072,-0.129134,4.64525,0.0154138,0.013924,-1.23855,0.447043,0.0766797,2.46151,0.0766797,2.46151,0.00232399,0.027259,-0.858287,10,3,103
0.5,0.00361044,0.984366,0.102574,4.54772,0.0162059,0.017758,-1.21312,0.570118,0.0572573,1.838,0.0572573,1.838,0.00131039,0.027259,-0.858287,10,3,103
0,-0.0600953,-0.894468,-0.599038,-2.94931,0.0207754,-0.0622725,-1.06643,-1.99813,0.251653,8.07582,0.251653,8.07582,0.0437275,0.027259,-0.858287,10,3,103
0.05,-0.101464,-0.746863,-0.724976,-2.0508,0.0179763,-0.0496898,-1.15624,-1.59434,0.241896,7.76256,0.241896,7.76256,0.0635783,0.027259,-0.858287,10,3,103
0.1,-0.133548,-0.526152,-0.800844,-0.962763,0.0157942,-0.037595,-1.22626,-1.20621,0.227433,7.29832,0.227433,7.29832,0.0772142,0.027259,-0.858287,10,3,103
0.15,-0.153203,-0.253746,-0.819522,0.220572,0.0141988,-0.0262234,-1.27744,-0.841295,0.209273,6.71545,0.209273,6.71545,0.0810305,0.027259,-0.858287,10,3,103
0.2,-0.158487,0.0440698,-0.778581,1.406,0.0131492,-0.0157598,-1.31111,-0.505523,0.188377,6.04483,0.188377,6.04483,0.0739558,0.027259,-0.858287,10,3,103
0.25,-0.14884,0.33864,-0.680235,2.50053,0.0125967,-0.00634088,-1.32883,-0.203281,0.165646,5.31531,0.165646,5.31531,0.0575615,0.027259,-0.858287,10,3,103
0.3,-0.125143,0.601562,-0.531391,3.40958,0.0124867,0.00194142,-1.33235,0.0624845,0.141899,4.55321,0.141899,4.55321,0.036015,0.027259,-0.858287,10,3,103
0.35,-0.0896335,0.807295,-0.343642,4.04197,0.0127611,0.00903636,-1.32354,0.290145,0.11787,3.78207,0.11787,3.78207,0.0154992,0.027259,-0.858287,10,3,103
0.4,-0.0457028,0.935638,-0.132769,4.32476,0.0133603,0.0149298,-1.3043,0.479249,0.0941977,3.02241,0.0941977,3.02241,0.00244913,0.027259,-0.858287,10,3,103
0.45,0.00242635,0.973852,0.0826626,4.22236,0.0142245,0.0196397,-1.27656,0.630369,0.0714256,2.29165,0.0714256,2.29165,0.000850968,0.027259,-0.858287,10,3,103
0.5,0.0501127,0.918085,0.28351,3.74804,0.0152958,0.023211,-1.24218,0.744952,0.0499991,1.60407,0.0499991,1.60407,0.0102403,0.027259,-0.858287,10,3,103
0,-0.101152,-0.734503,-0.716966,-1.73748,0.0176611,-0.0622981,-1.16634,-1.99821,0.282873,9.07516,0.282873,9.07516,0.0622625,0.027259,-0.858287,10,3,103
0.05,-0.132694,-0.516994,-0.778929,-0.72316,0.0148998,-0.0481544,-1.25491,-1.54445,0.268055,8.59955,0.268055,8.59955,0.0733528,0.027259,-0.858287,10,3,103
0.1,-0.15199,-0.248648,-0.787819,0.369927,0.0128271,-0.0347517,-1.32138,-1.11447,0.248574,7.97435,0.248574,7.97435,0.0753821,0.027259,-0.858287,10,3,103
0.15,-0.157129,0.0446869,-0.741902,1.45376,0.0114003,-0.022323,-1.36714,-0.715757,0.225556,7.23576,0.225556,7.23576,0.0677023,0.027259,-0.858287,10,3,103
0.2,-0.147564,0.334819,-0.643838,2.44036,0.0105661,-0.0110452,-1.39388,-0.353969,0.200065,6.41782,0.200065,6.41782,0.0520147,0.027259,-0.858287,10,3,103
0.25,-0.124158,0.593797,-0.500677,3.24271,0.0102639,-0.00104193,-1.40355,-0.0330779,0.173077,5.55191,0.173077,5.55191,0.0322442,0.027259,-0.858287,10,3,103
0.3,-0.0891169,0.796485,-0.32368,3.78107,0.0104281,0.00761192,-1.39827,0.244518,0.145473,4.66627,0.145473,4.66627,0.013867,0.027259,-0.858287,10,3,103
0.35,-0.0457772,0.923002,-0.127661,3.99584,0.0109906,0.0148856,-1.38021,0.477831,0.118028,3.78574,0.118028,3.78574,0.002285,0.027259,-0.858287,10,3,103
0.4,0.00170468,0.960805,0.0704009,3.86211,0.0118824,0.0207869,-1.35159,0.667118,0.0914053,2.93164,0.0914053,2.93164,0.000617164,0.027259,-0.858287,10,3,103
0.45,0.0487599,0.906091,0.253325,3.3969,0.013036,0.0253572,-1.31457,0.8137,0.0661585,2.12169,0.0661585,2.12169,0.00823348,0.027259,-0.858287,10,3,103
0.5,0.0908595,0.764238,0.405751,2.65412,0.0143865,0.0286651,-1.27123,0.919784,0.0427291,1.37007,0.0427291,1.37007,0.0211609,0.027259,-0.858287,10,3,103
0,0.0288537,-4.51554,0.0429531,-1.59652,-0.714725,-2.28952,-0.733176,-0.592656,5.88065,1.52224,5.88065,1.52224,0.000333211,-0.813516,-0.758749,10,3,111
0.05,-0.201901,-4.63896,-0.0395468,-1.67661,-0.82185,-1.99549,-0.760906,-0.516544,6.0698,1.5712,6.0698,1.5712,0.00524864,-0.813516,-0.758749,10,3,111
0.1,-0.427598,-4.31571,-0.122016,-1.5953,-0.914037,-1.692,-0.784769,-0.437984,6.0812,1.57415,6.0812,1.57415,0.0241034,-0.813516,-0.758749,10,3,111
0.15,-0.626592,-3.58313,-0.196469,-1.35878,-0.991036,-1.38794,-0.804701,-0.359276,5.93901,1.53735,5.93901,1.53735,0.0511826,-0.813516,-0.758749,10,3,111
0.2,-0.780467,-2.52887,-0.255643,-0.989258,-1.05301,-1.09099,-0.820743,-0.282409,5.66789,1.46717,5.66789,1.46717,0.0778146,-0.813516,-0.758749,10,3,111
0.25,-0.875839,-1.26175,-0.293721,-0.521877,-1.10047,-0.807592,-0.833029,-0.209051,5.29235,1.36996,5.29235,1.36996,0.0963808,-0.813516,-0.758749,10,3,111
0.3,-0.904779,0.110983,-0.306883,-0.000507127,-1.13424,-0.542975,-0.841769,-0.140553,4.83614,1.25186,4.83614,1.25186,0.102341,-0.813516,-0.758749,10,3,111
0.35,-0.864515,1.4899,-0.293628,0.526451,-1.15534,-0.301168,-0.847232,-0.0779598,4.32175,1.11871,4.32175,1.11871,0.0943133,-0.813516,-0.758749,10,3,111
0.4,-0.757184,2.77634,-0.254912,1.00992,-1.165,-0.0850802,-0.849732,-0.0220242,3.77005,0.975901,3.77005,0.975901,0.0738813,-0.813516,-0.758749,10,3,111
0.45,-0.590028,3.86401,-0.194078,1.40395,-1.16454,0.103422,-0.849613,0.0267708,3.19996,0.828329,3.19996,0.828329,0.045984,-0.813516,-0.758749,10,3,111
0.5,-0.375782,4.64139,-0.116606,1.66988,-1.15537,0.26342,-0.847239,0.0681873,2.62825,0.68034,2.62825,0.68034,0.0189479,-0.813516,-0.758749,10,3,111
0,-0.194626,-4.35126,-0.037659,-1.60171,-0.829205,-2.28968,-0.762811,-0.592706,7.02593,1.81874,7.02593,1.81874,0.00487431,-0.813516,-0.758749,10,3,111
0.05,-0.407672,-4.10082,-0.116843,-1.53985,-0.934907,-1.93838,-0.790173,-0.501769,7.02906,1.81955,7.02906,1.81955,0.0219651,-0.813516,-0.758749,10,3,111
0.1,-0.598062,-3.45526,-0.189122,-1.3279,-1.02304,-1.58693,-0.812987,-0.410792,6.85603,1.77475,6.85603,1.77475,0.0468885,-0.813516,-0.758749,10,3,111
0.15,-0.747763,-2.48945,-0.247418,-0.985264,-1.09382,-1.24413,-0.831308,-0.322054,6.53539,1.69175,6.53539,1.69175,0.0719899,-0.813516,-0.758749,10,3,111
0.2,-0.843229,-1.30381,-0.28596,-0.54424,-1.14785,-0.91736,-0.845296,-0.237466,6.09545,1.57787,6.09545,1.57787,0.0901261,-0.813516,-0.758749,10,3,111
0.25,-0.876084,-0.00225189,-0.300836,-0.0461347,-1.1861,-0.612587,-0.855197,-0.158573,5.56362,1.4402,5.56362,1.4402,0.0967579,-0.813516,-0.758749,10,3,111
0.3,-0.843021,1.31649,-0.290334,0.462806,-1.20978,-0.334406,-0.861325,-0.086563,4.96583,1.28545,4.96583,1.28545,0.0902948,-0.813516,-0.758749,10,3,111
0.35,-0.745597,2.55522,-0.255104,0.935206,-1.22029,-0.0861151,-0.864047,-0.0222903,4.32608,1.11985,4.32608,1.11985,0.0719843,-0.813516,-0.758749,10,3,111
0.4,-0.590341,3.61179,-0.19811,1.32629,-1.21919,0.130189,-0.863761,0.0337021,3.66615,0.949018,3.66615,0.949018,0.0461891,-0.813516,-0.758749,10,3,111
0.45,-0.389001,4.38103,-0.124411,1.59786,-1.2081,0.313497,-0.86089,0.081153,3.00531,0.777952,3.00531,0.777952,0.020384,-0.813516,-0.758749,10,3,111
0.5,-0.158356,4.77102,-0.0407209,1.72252,-1.18866,0.463762,-0.85586,0.120051,2.3602,0.610958,2.3602,0.610958,0.00331934,-0.813516,-0.758749,10,3,111
0,-0.399276,-3.77117,-0.114592,-1.45065,-0.943692,-2.28981,-0.792447,-0.592754,8.17119,2.11524,8.17119,2.11524,0.0210903,-0.813516,-0.758749,10,3,111
0.05,-0.57511,-3.20617,-0.182956,-1.26175,-1.04797,-1.88125,-0.819441,-0.486992,7.98828,2.06789,7.98828,2.06789,0.0435433,-0.813516,-0.758749,10,3,111
0.1,-0.714694,-2.33538,-0.238652,-0.948173,-1.13205,-1.48184,-0.841205,-0.383597,7.63081,1.97536,7.63081,1.97536,0.0662621,-0.813516,-0.758749,10,3,111
0.15,-0.804905,-1.24795,-0.276129,-0.538995,-1.1966,-1.1003,-0.857916,-0.28483,7.13172,1.84616,7.13172,1.84616,0.0829368,-0.813516,-0.758749,10,3,111
0.2,-0.837348,-0.0412294,-0.291531,-0.0722815,-1.2427,-0.74371,-0.86985,-0.192522,6.52296,1.68857,6.52296,1.68857,0.089344,-0.813516,-0.758749,10,3,111
0.25,-0.80846,1.18907,-0.283051,0.408726,-1.27173,-0.417562,-0.877365,-0.108093,5.83484,1.51044,5.83484,1.51044,0.0838802,-0.813516,-0.758749,10,3,111
0.3,-0.71942,2.34848,-0.251096,0.859303,-1.28532,-0.12582,-0.880882,-0.032571,5.09546,1.31904,5.09546,1.31904,0.0675786,-0.813516,-0.758749,10,3,111
0.35,-0.576179,3.34022,-0.198268,1.23686,-1.28524,0.128952,-0.880862,0.0333811,4.33036,1.12098,4.33036,1.12098,0.0442914,-0.813516,-0.758749,10,3,111
0.4,-0.389559,4.0676,-0.12917,1.50473,-1.27338,0.34547,-0.877791,0.0894302,3.5622,0.922132,3.5622,0.922132,0.0205749,-0.813516,-0.758749,10,3,111
0.45,-0.174961,4.44752,-0.0500059,1.63607,-1.25165,0.52358,-0.872167,0.135537,2.8106,0.72757,2.8106,0.72757,0.00410791,-0.813516,-0.758749,10,3,111
0.5,0.0488318,4.43128,0.0319953,1.61727,-1.22196,0.66411,-0.864481,0.171915,2.09209,0.541572,2.09209,0.541572,0.000424104,-0.813516,-0.758749,10,3,111
0,-0.566036,-2.85119,-0.180358,-1.15885,-1.05818,-2.28991,-0.822086,-0.592794,9.31637,2.41175,9.31637,2.41175,0.0422446,-0.813516,-0.758749,10,3,111
0.05,-0.689901,-2.06524,-0.231536,-0.871767,-1.16103,-1.82409,-0.848711,-0.472206,8.94741,2.31624,8.94741,2.31624,0.062069,-0.813516,-0.758749,10,3,111
0.1,-0.769081,-1.07892,-0.266005,-0.49601,-1.24105,-1.37672,-0.869426,-0.356394,8.40551,2.17595,8.40551,2.17595,0.0763738,-0.813516,-0.758749,10,3,111
0.15,-0.795753,0.0194103,-0.280168,-0.0660695,-1.29938,-0.956446,-0.884526,-0.247597,7.72797,2.00056,7.72797,2.00056,0.0815566,-0.813516,-0.758749,10,3,111
0.2,-0.76657,1.1397,-0.272294,0.378472,-1.33754,-0.570047,-0.894405,-0.147569,6.9504,1.79927,6.9504,1.79927,0.0762548,-0.813516,-0.758749,10,3,111
0.25,-0.682675,2.19232,-0.242685,0.796422,-1.35736,-0.222527,-0.899534,-0.0576056,6.10598,1.58067,6.10598,1.58067,0.0614653,-0.813516,-0.758749,10,3,111
0.3,-0.549696,3.08754,-0.193669,1.14842,-1.36085,0.0827721,-0.900439,0.0214279,5.22502,1.35261,5.22502,1.35261,0.0406512,-0.813516,-0.758749,10,3,111
0.35,-0.377691,3.73917,-0.129426,1.40051,-1.35018,0.344023,-0.897677,0.0890586,4.33457,1.1221,4.33457,1.1221,0.0194857,-0.813516,-0.758749,10,3,111
0.4,-0.180726,4.07588,-0.0556219,1.52764,-1.32756,0.560752,-0.891821,0.145164,3.45819,0.895229,3.45819,0.895229,0.00443416,-0.813516,-0.758749,10,3,111
0.45,0.0242758,4.05729,0.0211132,1.51678,-1.2952,0.733661,-0.883444,0.189925,2.61586,0.677173,2.61586,0.677173,0.000128846,-0.813516,-0.758749,10,3,111
0.5,0.219409,3.68561,0.0938385,1.36863,-1.25525,0.864454,-0.873101,0.223784,1.82395,0.47217,1.82395,0.47217,0.00703871,-0.813516,-0.758749,10,3,111
0,-0.743189,-0.797059,-0.257974,-0.409754,-1.2741,-1.76689,-0.877982,-0.457411,9.90651,2.56456,9.90651,2.56456,0.0717247,-0.813516,-0.758749,10,3,111
0.05,-0.758426,0.191942,-0.268743,-0.017617,-1.35006,-1.27156,-0.897647,-0.329183,9.18015,2.37653,9.18015,2.37653,0.0747342,-0.813516,-0.758749,10,3,111
0.1,-0.723615,1.19025,-0.25948,0.385131,-1.40216,-0.812557,-0.911135,-0.210356,8.32416,2.15493,8.32416,2.15493,0.068642,-0.813516,-0.758749,10,3,111
0.15,-0.640355,2.11539,-0.230582,0.761465,-1.43239,-0.396349,-0.91896,-0.10261,7.37776,1.90993,7.37776,1.90993,0.0546155,-0.813516,-0.758749,10,3,111
0.2,-0.514332,2.88683,-0.184267,1.07619,-1.44298,-0.0274616,-0.921703,-0.00711311,6.37705,1.65088,6.37705,1.65088,0.0358853,-0.813516,-0.758749,10,3,111
0.25,-0.355122,3.43101,-0.124397,1.29921,-1.43638,0.291391,-0.919995,0.0754306,5.35451,1.38616,5.35451,1.38616,0.0173406,-0.813516,-0.758749,10,3,111
0.3,-0.175609,3.69104,-0.0561455,1.40862,-1.41512,0.559116,-0.91449,0.144739,4.33871,1.1232,4.33871,1.1232,0.00421585,-0.813516,-0.758749,10,3,111
0.35,0.009134,3.63825,0.0144797,1.39338,-1.38174,0.776051,-0.905849,0.200899,3.35411,0.868308,3.35411,0.868308,3.64883e-05,-0.813516,-0.758749,10,3,111
0.4,0.183475,3.27943,0.0812228,1.25468,-1.33875,0.943757,-0.894719,0.244314,2.42104,0.626759,2.42104,0.626759,0.00498641,-0.813516,-0.758749,10,3,111
0.45,0.332993,2.65505,0.138196,1.00586,-1.28853,1.06481,-0.88172,0.275652,1.55574,0.402754,1.55574,0.402754,0.0159215,-0.813516,-0.758749,10,3,111
0.5,0.44594,1.82944,0.18045,0.670788,-1.23335,1.1426,-0.867434,0.29579,0.770529,0.19948,0.770529,0.19948,0.0279984,-0.813516,-0.758749,10,3,111
0,0.0945572,-3.45675,0.0922702,3.50872,-0.340685,-1.4154,0.579309,2.10445,3.63546,-5.4053,3.63546,-5.4053,0.00216682,-0.401759,0.670114,10,3,145
0.05,-0.0845596,-3.64966,0.266972,3.42207,-0.406911,-1.23363,0.677775,1.83418,3.7524,-5.57916,3.7524,-5.57916,0.00967923,-0.401759,0.670114,10,3,145
0.1,-0.264547,-3.49122,0.429066,3.0096,-0.463902,-1.04601,0.76251,1.55523,3.75945,-5.58964,3.75945,-5.58964,0.0304479,-0.401759,0.670114,10,3,145
0.15,-0.428021,-2.99603,0.563159,2.31283,-0.511503,-0.858035,0.833284,1.27574,3.67154,-5.45894,3.67154,-5.45894,0.057446,-0.401759,0.670114,10,3,145
0.2,-0.55938,-2.21887,0.656708,1.40184,-0.549815,-0.674458,0.890248,1.0028,3.50393,-5.20973,3.50393,-5.20973,0.0818483,-0.401759,0.670114,10,3,145
0.25,-0.646457,-1.23949,0.701074,0.360419,-0.579158,-0.499261,0.933876,0.742311,3.27177,-4.86455,3.27177,-4.86455,0.0971194,-0.401759,0.670114,10,3,145
0.3,-0.681358,-0.14711,0.691914,-0.724189,-0.600031,-0.335673,0.964911,0.499084,2.98974,-4.44522,2.98974,-4.44522,0.100075,-0.401759,0.670114,10,3,145
0.35,-0.660689,0.968155,0.629257,-1.76444,-0.613078,-0.186186,0.984308,0.276823,2.67174,-3.97241,2.67174,-3.97241,0.0900535,-0.401759,0.670114,10,3,145
0.4,-0.585555,2.01624,0.517521,-2.67234,-0.619047,-0.0525984,0.993184,0.0782022,2.33068,-3.46531,2.33068,-3.46531,0.0686569,-0.401759,0.670114,10,3,145
0.45,-0.46159,2.90612,0.365494,-3.36204,-0.618764,0.0639355,0.992762,-0.0950631,1.97824,-2.94129,1.97824,-2.94129,0.0407848,-0.401759,0.670114,10,3,145
0.5,-0.29894,3.54967,0.18602,-3.75952,-0.613094,0.162848,0.984333,-0.242128,1.62481,-2.4158,1.62481,-2.4158,0.0151485,-0.401759,0.670114,10,3,145
0,-0.080056,-3.47098,0.26035,3.16068,-0.411458,-1.41553,0.684534,2.10457,4.34358,-6.45791,4.34358,-6.45791,0.00916193,-0.401759,0.670114,10,3,145
0.05,-0.252202,-3.35861,0.410944,2.8142,-0.476805,-1.19835,0.78169,1.78167,4.34551,-6.46078,4.34551,-6.46078,0.0279519,-0.401759,0.670114,10,3,145
0.1,-0.410434,-2.92021,0.537235,2.19785,-0.531291,-0.981075,0.862698,1.45864,4.23854,-6.30174,4.23854,-6.30174,0.0528441,-0.401759,0.670114,10,3,145
0.15,-0.539494,-2.20283,0.627153,1.37193,-0.575046,-0.769148,0.927752,1.14355,4.04032,-6.00703,4.04032,-6.00703,0.07602,-0.401759,0.670114,10,3,145
0.2,-0.627198,-1.27998,0.672092,0.412703,-0.608453,-0.567132,0.977421,0.843197,3.76834,-5.60266,3.76834,-5.60266,0.0912367,-0.401759,0.670114,10,3,145
0.25,-0.665384,-0.236883,0.66743,-0.597735,-0.632099,-0.378715,1.01258,0.563064,3.43955,-5.11383,3.43955,-5.11383,0.0951504,-0.401759,0.670114,10,3,145
0.3,-0.650231,0.838739,0.612691,-1.57602,-0.646736,-0.206738,1.03434,0.307372,3.06998,-4.56436,3.06998,-4.56436,0.08686,-0.401759,0.670114,10,3,145
0.35,-0.582308,1.85899,0.51157,-2.43884,-0.653235,-0.0532387,1.044,0.0791541,2.67448,-3.97634,2.67448,-3.97634,0.0676604,-0.401759,0.670114,10,3,145
0.4,-0.466594,2.73555,0.371875,-3.10582,-0.652554,0.0804852,1.04299,-0.119663,2.26649,-3.36976,2.26649,-3.36976,0.0418171,-0.401759,0.670114,10,3,145
0.45,-0.312438,3.3831,0.205206,-3.50757,-0.645697,0.19381,1.03279,-0.288151,1.85795,-2.76234,1.85795,-2.76234,0.0170262,-0.401759,0.670114,10,3,145
0.5,-0.13317,3.73009,0.0261007,-3.59829,-0.633684,0.286707,1.01493,-0.426268,1.45913,-2.16939,1.45913,-2.16939,0.00228872,-0.401759,0.670114,10,3,145
0,-0.246869,-3.14804,0.403325,2.51438,-0.482238,-1.41564,0.789765,2.10467,5.05171,-7.51052,5.05171,-7.51052,0.0269229,-0.401759,0.670114,10,3,145
0.05,-0.395836,-2.76273,0.516399,1.97255,-0.546705,-1.16305,0.88561,1.72914,4.93863,-7.3424,4.93863,-7.3424,0.0492123,-0.401759,0.670114,10,3,145
0.1,-0.518605,-2.11001,0.597276,1.23764,-0.598685,-0.916123,0.96289,1.36202,4.71763,-7.01383,4.71763,-7.01383,0.0701815,-0.401759,0.670114,10,3,145
0.15,-0.603372,-1.25563,0.63793,0.376453,-0.638594,-0.680242,1.02222,1.01133,4.40907,-6.55509,4.40907,-6.55509,0.0842906,-0.401759,0.670114,10,3,145
0.2,-0.642009,-0.278917,0.633897,-0.536495,-0.667095,-0.459788,1.0646,0.683578,4.03272,-5.99556,4.03272,-5.99556,0.0883201,-0.401759,0.670114,10,3,145
0.25,-0.630486,0.736494,0.58451,-1.42429,-0.685043,-0.258152,1.09128,0.3838,3.6073,-5.36307,3.6073,-5.36307,0.0812631,-0.401759,0.670114,10,3,145
0.3,-0.568977,1.7062,0.492948,-2.21041,-0.693442,-0.0777871,1.10377,0.115647,3.15019,-4.68347,3.15019,-4.68347,0.0642042,-0.401759,0.670114,10,3,145
0.35,-0.461878,2.54592,0.366141,-2.82223,-0.693393,0.0797223,1.10369,-0.118527,2.67718,-3.98023,2.67718,-3.98023,0.0408662,-0.401759,0.670114,10,3,145
0.4,-0.317738,3.175,0.214415,-3.19801,-0.686061,0.213581,1.09279,-0.317538,2.20227,-3.27418,2.20227,-3.27418,0.0178802,-0.401759,0.670114,10,3,145
0.45,-0.148866,3.52567,0.0507101,-3.29678,-0.672629,0.323695,1.07282,-0.481247,1.73761,-2.58336,1.73761,-2.58336,0.00307049,-0.401759,0.670114,10,3,145
0.5,0.0296415,3.55649,-0.110699,-3.10723,-0.654272,0.410575,1.04553,-0.610415,1.2934,-1.92294,1.2934,-1.92294,0.00163282,-0.401759,0.670114,10,3,145
0,-0.389851,-2.52707,0.507985,1.64147,-0.553022,-1.41573,0.895,2.10474,5.75982,-8.56308,5.75982,-8.56308,0.0477664,-0.401759,0.670114,10,3,145
0.05,-0.502227,-1.93271,0.574261,0.988733,-0.616609,-1.12774,0.989533,1.67659,5.53171,-8.22395,5.53171,-8.22395,0.0657572,-0.401759,0.670114,10,3,145
0.1,-0.579867,-1.1495,0.604948,0.229364,-0.666081,-0.851153,1.06308,1.26539,5.19668,-7.72585,5.19668,-7.72585,0.0776689,-0.401759,0.670114,10,3,145
0.15,-0.615101,-0.249584,0.59633,-0.571359,-0.702143,-0.591319,1.11669,0.879096,4.7778,-7.10309,4.7778,-7.10309,0.0807377,-0.401759,0.670114,10,3,145
0.2,-0.60403,0.689105,0.548044,-1.34523,-0.725737,-0.352429,1.15177,0.523941,4.29706,-6.38839,4.29706,-6.38839,0.0740742,-0.401759,0.670114,10,3,145
0.25,-0.546701,1.58717,0.46313,-2.02489,-0.737987,-0.137576,1.16998,0.204522,3.77501,-5.61225,3.77501,-5.61225,0.0587,-0.401759,0.670114,10,3,145
0.3,-0.447124,2.36584,0.347891,-2.54798,-0.740147,0.0511741,1.17319,-0.0760905,3.23036,-4.80252,3.23036,-4.80252,0.0379284,-0.401759,0.670114,10,3,145
0.35,-0.313158,2.9509,0.211504,-2.8633,-0.73355,0.212692,1.16339,-0.316216,2.67984,-3.98406,2.67984,-3.98406,0.0173888,-0.401759,0.670114,10,3,145
0.4,-0.1561,3.28085,0.0652701,-2.93827,-0.719566,0.346684,1.14259,-0.51542,2.13802,-3.17854,2.13802,-3.17854,0.00355132,-0.401759,0.670114,10,3,145
0.45,0.0102263,3.31802,-0.0784811,-2.76505,-0.699559,0.453584,1.11285,-0.674347,1.61725,-2.40432,1.61725,-2.40432,0.000779416,-0.401759,0.670114,10,3,145
0.5,0.170909,3.05747,-0.207692,-2.36219,-0.674858,0.534447,1.07613,-0.794563,1.12765,-1.67645,1.12765,-1.67645,0.00890102,-0.401759,0.670114,10,3,145
0,0.441732,-0.294357,0.616482,2.30495,1.15889,0.930922,0.926699,0.779304,-4.83637,-4.04864,-4.83637,-4.04864,0.0653377,0.95453,0.755626,10,3,160
0.05,0.41178,-0.894264,0.705927,1.2481,1.19939,0.689104,0.960603,0.576872,-4.51592,-3.78039,-4.51592,-3.78039,0.075348,0.95453,0.755626,10,3,160
0.1,0.353354,-1.42426,0.739334,0.0794132,1.2282,0.463308,0.984721,0.387852,-4.12663,-3.45451,-4.12663,-3.45451,0.0763769,0.95453,0.755626,10,3,160
0.15,0.271181,-1.83626,0.713458,-1.10754,1.24621,0.256976,0.999796,0.215127,-3.68771,-3.08708,-3.68771,-3.08708,0.0676106,0.95453,0.755626,10,3,160
0.2,0.172185,-2.09146,0.62971,-2.21959,1.25445,0.0725907,1.00669,0.0607729,-3.21694,-2.69299,-3.21694,-2.69299,0.0507344,0.95453,0.755626,10,3,160
0.25,0.0648908,-2.16526,0.49421,-3.16133,1.25406,-0.0882565,1.00637,-0.0738768,-2.73049,-2.28577,-2.73049,-2.28577,0.0302558,0.95453,0.755626,10,3,160
0.3,-0.0413809,-2.051,0.317857,-3.83868,1.24623,-0.224781,0.999815,-0.188165,-2.24265,-1.87739,-2.24265,-1.87739,0.0126756,0.95453,0.755626,10,3,160
0.35,-0.137459,-1.76116,0.115943,-4.17304,1.23219,-0.336913,0.98806,-0.282035,-1.76583,-1.47823,-1.76583,-1.47823,0.00400472,0.95453,0.755626,10,3,160
0.4,-0.215238,-1.32529,-0.0931141,-4.12126,1.21313,-0.425205,0.97211,-0.355946,-1.31043,-1.097,-1.31043,-1.097,0.00679928,0.95453,0.755626,10,3,160
0.45,-0.268429,-0.785745,-0.289948,-3.68964,1.19024,-0.490726,0.952942,-0.410797,-0.884881,-0.740767,-0.884881,-0.740767,0.0189384,0.95453,0.755626,10,3,160
0.5,-0.293083,-0.192822,-0.456737,-2.93181,1.16459,-0.534971,0.931476,-0.447835,-0.495724,-0.414994,-0.495724,-0.414994,0.035053,0.95453,0.755626,10,3,160
0,-0.112618,-3.06065,0.0835842,3.63925,-0.856534,-1.93966,0.742778,2.14506,4.98203,-5.5096,4.98203,-5.5096,0.00244113,-0.940229,0.835336,10,3,176
0.05,-0.263768,-2.93589,0.26526,3.56818,-0.947289,-1.69056,0.843144,1.86958,5.14228,-5.68682,5.14228,-5.68682,0.0170196,-0.940229,0.835336,10,3,176
0.1,-0.401588,-2.53264,0.434751,3.15695,-1.02539,-1.43344,0.929514,1.58524,5.15194,-5.6975,5.15194,-5.6975,0.0411305,-0.940229,0.835336,10,3,176
0.15,-0.513002,-1.88933,0.57595,2.44767,-1.09062,-1.17585,1.00165,1.30036,5.03147,-5.56428,5.03147,-5.56428,0.0670515,-0.940229,0.835336,10,3,176
0.2,-0.587485,-1.06777,0.675687,1.51286,-1.14312,-0.924274,1.05972,1.02215,4.80178,-5.31026,4.80178,-5.31026,0.0872859,-0.940229,0.835336,10,3,176
0.25,-0.617953,-0.142178,0.724826,0.43915,-1.18334,-0.684185,1.10419,0.756637,4.48363,-4.95842,4.48363,-4.95842,0.0970675,-0.940229,0.835336,10,3,176
0.3,-0.601168,0.808609,0.718664,-0.683833,-1.21194,-0.460004,1.13582,0.508716,4.09713,-4.531,4.09713,-4.531,0.0944404,-0.940229,0.835336,10,3,176
0.35,-0.53787,1.70469,0.656975,-1.76664,-1.22982,-0.255147,1.15559,0.282166,3.66135,-4.04907,3.66135,-4.04907,0.0796709,-0.940229,0.835336,10,3,176
0.4,-0.43278,2.4671,0.544018,-2.71901,-1.238,-0.0720795,1.16464,0.0797127,3.19395,-3.53218,3.19395,-3.53218,0.0555895,-0.940229,0.835336,10,3,176
0.45,-0.294457,3.02235,0.388568,-3.4517,-1.23761,0.0876182,1.16421,-0.0968962,2.71098,-2.99805,2.71098,-2.99805,0.0284804,-0.940229,0.835336,10,3,176
0.5,-0.134822,3.3115,0.203653,-3.88596,-1.22984,0.223167,1.15562,-0.246799,2.22663,-2.46242,2.22663,-2.46242,0.00735867,-0.940229,0.835336,10,3,176
0,-0.257676,-2.69531,0.258505,3.30155,-0.953519,-1.93973,0.850034,2.14515,5.95209,-6.58243,5.95209,-6.58243,0.0162211,-0.940229,0.835336,10,3,176
0.05,-0.384915,-2.35303,0.416264,2.95757,-1.04307,-1.64213,0.949063,1.81603,5.95474,-6.58536,5.95474,-6.58536,0.0379266,-0.940229,0.835336,10,3,176
0.1,-0.489182,-1.78475,0.549497,2.33003,-1.11773,-1.34439,1.03163,1.48676,5.80816,-6.42325,5.80816,-6.42325,0.0615601,-0.940229,0.835336,10,3,176
0.15,-0.560432,-1.04356,0.645496,1.48131,-1.17769,-1.05398,1.09794,1.1656,5.53653,-6.12285,5.53653,-6.12285,0.0805253,-0.940229,0.835336,10,3,176
0.2,-0.591662,-0.196417,0.695144,0.49046,-1.22347,-0.777154,1.14857,0.859455,5.16383,-5.71069,5.16383,-5.71069,0.0902826,-0.940229,0.835336,10,3,176
0.25,-0.579392,0.683502,0.693445,-0.557849,-1.25587,-0.518963,1.1844,0.573921,4.71329,-5.21243,4.71329,-5.21243,0.0887594,-0.940229,0.835336,10,3,176
0.3,-0.523857,1.52126,0.639665,-1.57801,-1.27593,-0.283298,1.20658,0.313299,4.20686,-4.65237,4.20686,-4.65237,0.0760185,-0.940229,0.835336,10,3,176
0.35,-0.429024,2.243,0.537358,-2.48427,-1.28483,-0.0729555,1.21643,0.0806806,3.66489,-4.05301,3.66489,-4.05301,0.054479,-0.940229,0.835336,10,3,176
0.4,-0.302445,2.78023,0.394334,-3.19285,-1.2839,0.110289,1.2154,-0.12197,3.10583,-3.43474,3.10583,-3.43474,0.0295446,-0.940229,0.835336,10,3,176
0.45,-0.154808,3.07756,0.222392,-3.63001,-1.2745,0.26558,1.20501,-0.293707,2.54598,-2.81561,2.54598,-2.81561,0.00903662,-0.940229,0.835336,10,3,176
0.5,0.000955057,3.10217,0.0364928,-3.74543,-1.25804,0.39288,1.1868,-0.434487,1.99947,-2.21122,1.99947,-2.21122,0.000165895,-0.940229,0.835336,10,3,176
0,-0.377869,-2.07532,0.408501,2.65221,-1.05051,-1.93979,0.957293,2.14522,6.92218,-7.65523,6.92218,-7.65523,0.0366092,-0.940229,0.835336,10,3,176
0.05,-0.469906,-1.57674,0.528269,2.10036,-1.13885,-1.59368,1.05498,1.76246,6.76722,-7.48386,6.76722,-7.48386,0.0572532,-0.940229,0.835336,10,3,176
0.1,-0.532855,-0.921641,0.615035,1.34372,-1.21007,-1.25532,1.13375,1.38827,6.46439,-7.14897,6.46439,-7.14897,0.0738239,-0.940229,0.835336,10,3,176
0.15,-0.560308,-0.168148,0.660255,0.451711,-1.26476,-0.932101,1.19423,1.03082,6.04159,-6.68139,6.04159,-6.68139,0.0824032,-0.940229,0.835336,10,3,176
0.2,-0.548963,0.618408,0.659075,-0.498454,-1.30381,-0.630021,1.23742,0.696747,5.52588,-6.11107,5.52588,-6.11107,0.0810746,-0.940229,0.835336,10,3,176
0.25,-0.498862,1.37029,0.610574,-1.42731,-1.3284,-0.353727,1.26462,0.391194,4.94293,-5.4664,4.94293,-5.4664,0.0698527,-0.940229,0.835336,10,3,176
0.3,-0.413415,2.02095,0.517804,-2.25559,-1.33991,-0.106581,1.27734,0.117874,4.31657,-4.77371,4.31657,-4.77371,0.0508691,-0.940229,0.835336,10,3,176
0.35,-0.299247,2.50946,0.387722,-2.90727,-1.33985,0.109248,1.27727,-0.120811,3.66842,-4.05692,3.66842,-4.05692,0.0287271,-0.940229,0.835336,10,3,176
0.4,-0.165758,2.78688,0.230871,-3.31651,-1.3298,0.292669,1.26616,-0.323657,3.01768,-3.33726,3.01768,-3.33726,0.00992892,-0.940229,0.835336,10,3,176
0.45,-0.0243345,2.82388,0.0606128,-3.43832,-1.31139,0.443553,1.2458,-0.49052,2.38097,-2.63313,2.38097,-2.63313,0.000530847,-0.940229,0.835336,10,3,176
0.5,0.112781,2.61632,-0.108179,-3.25858,-1.28624,0.562601,1.21799,-0.622177,1.77229,-1.95998,1.77229,-1.95998,0.00302824,-0.940229,0.835336,10,3,176
0,-0.511316,-0.689304,0.591666,1.09077,-1.23462,-1.54522,1.16091,1.70887,7.57957,-8.38235,7.57957,-8.38235,0.0687601,-0.940229,0.835336,10,3,176
0.05,-0.529526,-0.0334638,0.626734,0.301292,-1.30241,-1.16624,1.23588,1.28975,7.1205,-7.87465,7.1205,-7.87465,0.0749435,-0.940229,0.835336,10,3,176
0.1,-0.514114,0.645069,0.620818,-0.536055,-1.35182,-0.810217,1.29052,0.89602,6.54654,-7.2399,6.54654,-7.2399,0.0726449,-0.940229,0.835336,10,3,176
0.15,-0.465408,1.28784,0.573298,-1.35025,-1.38415,-0.48289,1.32627,0.534025,5.88783,-6.51142,5.88783,-6.51142,0.0620606,-0.940229,0.835336,10,3,176
0.2,-0.386636,1.83802,0.487103,-2.07088,-1.40093,-0.188498,1.34483,0.208454,5.17251,-5.72033,5.17251,-5.72033,0.0452033,-0.940229,0.835336,10,3,176
0.25,-0.283736,2.24485,0.368592,-2.63207,-1.40389,0.0701275,1.34811,-0.0775628,4.42622,-4.895,4.42622,-4.895,0.0260112,-0.940229,0.835336,10,3,176
0.3,-0.164923,2.46897,0.227178,-2.97875,-1.39485,0.291439,1.33811,-0.322313,3.6719,-4.06078,3.6719,-4.06078,0.00968973,-0.940229,0.835336,10,3,176
0.35,-0.0399796,2.48793,0.0745929,-3.0748,-1.37569,0.475034,1.31692,-0.525352,2.9295,-3.23975,2.9295,-3.23975,0.000890827,-0.940229,0.835336,10,3,176
0.4,0.080697,2.29995,-0.0762526,-2.90996,-1.34828,0.621508,1.2866,-0.68734,2.21594,-2.45061,2.21594,-2.45061,0.0015315,-0.940229,0.835336,10,3,176
0.45,0.187153,1.92426,-0.212643,-2.50218,-1.31443,0.732305,1.24917,-0.80987,1.54509,-1.70872,1.54509,-1.70872,0.0098585,-0.940229,0.835336,10,3,176
0.5,0.270862,1.39784,-0.323398,-1.8937,-1.27588,0.80956,1.20654,-0.895306,0.927862,-1.02612,0.927862,-1.02612,0.0215157,-0.940229,0.835336,10,3,176
0,0.167215,-0.235797,0.382412,4.16257,0.448533,0.579671,0.887648,1.52095,-2.08339,-5.46645,-2.08339,-5.46645,0.0212081,0.414095,0.797288,10,3,180
0.05,0.150035,-0.445797,0.5753,3.4933,0.474912,0.475501,0.956862,1.24763,-2.03468,-5.33863,-2.03468,-5.33863,0.0424287,0.414095,0.797288,10,3,180
0.1,0.123304,-0.61476,0.726361,2.50607,0.496144,0.373768,1.01257,0.980696,-1.94179,-5.09491,-1.94179,-5.09491,0.0642619,0.414095,0.797288,10,3,180
0.15,0.0894514,-0.728289,0.822225,1.30342,0.512405,0.276678,1.05524,0.72595,-1.81314,-4.75734,-1.81314,-4.75734,0.08021,0.414095,0.797288,10,3,180
0.2,0.0515106,-0.776971,0.854749,-0.0104329,0.523973,0.186021,1.08559,0.488084,-1.65684,-4.34725,-1.65684,-4.34725,0.0857712,0.414095,0.797288,10,3,180
0.25,0.0128368,-0.757375,0.820854,-1.33696,0.531203,0.103179,1.10456,0.270721,-1.48061,-3.88486,-1.48061,-3.88486,0.0792964,0.414095,0.797288,10,3,180
0.3,-0.0232018,-0.672445,0.722329,-2.57868,0.534511,0.0291485,1.11324,0.0764782,-1.2916,-3.38893,-1.2916,-3.38893,0.0622335,0.414095,0.797288,10,3,180
0.35,-0.0535389,-0.531199,0.565967,-3.63235,0.534354,-0.0354317,1.11283,-0.0929683,-1.09629,-2.87647,-1.09629,-2.87647,0.0391275,0.414095,0.797288,10,3,180
0.4,-0.0756934,-0.347815,0.363847,-4.39141,0.531212,-0.0902463,1.10458,-0.236792,-0.900429,-2.36256,-0.900429,-2.36256,0.0169672,0.414095,0.797288,10,3,180
0.45,-0.0879932,-0.140221,0.133128,-4.76352,0.525574,-0.135268,1.08979,-0.35492,-0.708986,-1.86025,-0.708986,-1.86025,0.0031581,0.414095,0.797288,10,3,180
0.5,-0.0897218,0.0716121,-0.105335,-4.69747,0.517924,-0.170717,1.06972,-0.447932,-0.526142,-1.3805,-0.526142,-1.3805,0.0023761,0.414095,0.797288,10,3,180
0,0.147486,-0.54698,0.569196,3.25481,0.477517,0.579676,0.963699,1.52112,-2.37325,-6.22747,-2.37325,-6.22747,0.0415357,0.414095,0.797288,10,3,180
0.05,0.116318,-0.689577,0.709667,2.3231,0.503534,0.461014,1.03197,1.20975,-2.27743,-5.97607,-2.27743,-5.97607,0.0613902,0.414095,0.797288,10,3,180
0.1,0.0795413,-0.769494,0.797976,1.18537,0.523738,0.347142,1.08499,0.910943,-2.13786,-5.60983,-2.13786,-5.60983,0.0757085,0.414095,0.797288,10,3,180
0.15,0.0404601,-0.781005,0.826308,-0.0592816,0.538423,0.240249,1.12352,0.630452,-1.96403,-5.1537,-1.96403,-5.1537,0.0804168,0.414095,0.797288,10,3,180
0.2,0.00250876,-0.724684,0.791733,-1.31477,0.54798,0.142048,1.1486,0.372767,-1.765,-4.63145,-1.765,-4.63145,0.0740498,0.414095,0.797288,10,3,180
0.25,-0.0310652,-0.607364,0.696085,-2.48561,0.552876,0.0537979,1.16145,0.141194,-1.54921,-4.06522,-1.54921,-4.06522,0.0580199,0.414095,0.797288,10,3,180
0.3,-0.0574992,-0.441431,0.546058,-3.47268,0.55363,-0.0236625,1.16343,-0.0620672,-1.32436,-3.47522,-1.32436,-3.47522,0.0365617,0.414095,0.797288,10,3,180
0.35,-0.0747638,-0.243578,0.353348,-4.17679,0.550791,-0.0898805,1.15598,-0.235828,-1.09732,-2.87947,-1.09732,-2.87947,0.0160359,0.414095,0.797288,10,3,180
0.4,-0.0817387,-0.0331873,0.134301,-4.51466,0.544926,-0.144747,1.14059,-0.379802,-0.874066,-2.29364,-0.874066,-2.29364,0.00306608,0.414095,0.797288,10,3,180
0.45,-0.0783028,0.169481,-0.0914446,-4.44174,0.536596,-0.18845,1.11874,-0.494483,-0.659657,-1.73102,-0.659657,-1.73102,0.00180013,0.414095,0.797288,10,3,180
0.5,-0.0653313,0.34515,-0.303352,-3.96762,0.526349,-0.221433,1.09185,-0.581035,-0.458238,-1.20249,-0.458238,-1.20249,0.0118761,0.414095,0.797288,10,3,180
0,0.113404,-0.80528,0.703377,2.07736,0.5065,0.579675,1.03976,1.52123,-2.66307,-6.98841,-2.66307,-6.98841,0.0603169,0.414095,0.797288,10,3,180
0.05,0.0715553,-0.855006,0.780758,0.996371,0.532155,0.446521,1.10709,1.17181,-2.52016,-6.61341,-2.52016,-6.61341,0.072568,0.414095,0.797288,10,3,180
0.1,0.0291325,-0.828064,0.80131,-0.179703,0.551331,0.320513,1.15741,0.841139,-2.3339,-6.12463,-2.3339,-6.12463,0.0758277,0.414095,0.797288,10,3,180
0.15,-0.0101209,-0.729295,0.762599,-1.35828,0.564439,0.203818,1.19181,0.534907,-2.1149,-5.54995,-2.1149,-5.54995,0.0689715,0.414095,0.797288,10,3,180
0.2,-0.0428716,-0.570108,0.666808,-2.44681,0.571986,0.0980735,1.21162,0.25741,-1.87313,-4.91554,-1.87313,-4.91554,0.0535156,0.414095,0.797288,10,3,180
0.25,-0.0664972,-0.36728,0.52079,-3.35108,0.574549,0.00441682,1.21834,0.011633,-1.61779,-4.24547,-1.61779,-4.24547,0.0334882,0.414095,0.797288,10,3,180
0.3,-0.0793145,-0.141287,0.336068,-3.98035,0.572747,-0.0764725,1.21362,-0.20064,-1.3571,-3.5614,-1.3571,-3.5614,0.0146684,0.414095,0.797288,10,3,180
0.35,-0.0807162,0.08564,0.128327,-4.26212,0.567227,-0.144328,1.19914,-0.37871,-1.09834,-2.88235,-1.09834,-2.88235,0.00285145,0.414095,0.797288,10,3,180
0.4,-0.0712086,0.291558,-0.0839801,-4.16104,0.558638,-0.199245,1.1766,-0.522828,-0.847695,-2.22461,-0.847695,-2.22461,0.00150635,0.414095,0.797288,10,3,180
0.45,-0.0523456,0.456814,-0.281829,-3.69036,0.547616,-0.241629,1.14768,-0.634058,-0.610322,-1.6017,-0.610322,-1.6017,0.0101511,0.414095,0.797288,10,3,180
0.5,-0.026568,0.565892,-0.448019,-2.90754,0.534772,-0.272146,1.11397,-0.714143,-0.39033,-1.02439,-0.39033,-1.02439,0.0246538,0.414095,0.797288,10,3,180
0,0.0609101,-4.56552,0.187583,-0.661083,-0.583734,-2.22364,-0.170042,0.434056,5.71144,-1.11488,5.71144,-1.11488,0.00482166,-0.679682,-0.151313,10,3,184
0.05,-0.173663,-4.74065,0.147314,-0.936632,-0.687777,-1.93807,-0.149733,0.378312,5.89515,-1.15074,5.89515,-1.15074,0.00640174,-0.679682,-0.151313,10,3,184
0.1,-0.405536,-4.45888,0.0954892,-1.11954,-0.777311,-1.64331,-0.132256,0.320775,5.90622,-1.1529,5.90622,-1.1529,0.0212385,-0.679682,-0.151313,10,3,184
0.15,-0.612414,-3.75263,0.0371963,-1.19319,-0.852094,-1.348,-0.117658,0.26313,5.76812,-1.12594,5.76812,-1.12594,0.0453935,-0.679682,-0.151313,10,3,184
0.2,-0.775084,-2.70857,-0.0219049,-1.15162,-0.912284,-1.05959,-0.105909,0.206833,5.5048,-1.07454,5.5048,-1.07454,0.0711665,-0.679682,-0.151313,10,3,184
0.25,-0.879395,-1.43743,-0.0761404,-1.0002,-0.958382,-0.784354,-0.0969104,0.153106,5.14006,-1.00334,5.14006,-1.00334,0.0906933,-0.679682,-0.151313,10,3,184
0.3,-0.916769,-0.0487948,-0.120379,-0.755063,-0.991175,-0.52735,-0.0905093,0.102939,4.69698,-0.916854,4.69698,-0.916854,0.0986079,-0.679682,-0.151313,10,3,184
0.35,-0.883875,1.3568,-0.150525,-0.441115,-1.01167,-0.292501,-0.0865084,0.0570962,4.1974,-0.819335,4.1974,-0.819335,0.0928798,-0.679682,-0.151313,10,3,184
0.4,-0.782309,2.68087,-0.163894,-0.0894259,-1.02105,-0.0826315,-0.0846778,0.0161295,3.66157,-0.714741,3.66157,-0.714741,0.074754,-0.679682,-0.151313,10,3,184
0.45,-0.618759,3.81708,-0.159449,0.265777,-1.0206,0.100447,-0.0847647,-0.0196076,3.10788,-0.60666,3.10788,-0.60666,0.0487379,-0.679682,-0.151313,10,3,184
0.5,-0.405463,4.65151,-0.137876,0.590142,-1.0117,0.255841,-0.0865034,-0.0499406,2.55263,-0.498274,2.55263,-0.498274,0.0223603,-0.679682,-0.151313,10,3,184
0,-0.166591,-4.46069,0.145954,-0.990673,-0.694919,-2.22377,-0.14834,0.434036,6.82368,-1.33184,6.82368,-1.33184,0.00605802,-0.679682,-0.151313,10,3,184
0.05,-0.38616,-4.25005,0.0917598,-1.15948,-0.797578,-1.88259,-0.128303,0.367444,6.82672,-1.33243,6.82672,-1.33243,0.0193062,-0.679682,-0.151313,10,3,184
0.1,-0.584691,-3.62892,0.0319067,-1.21515,-0.883174,-1.54125,-0.111596,0.300822,6.65867,-1.29963,6.65867,-1.29963,0.0414689,-0.679682,-0.151313,10,3,184
0.15,-0.743341,-2.67112,-0.0278007,-1.15371,-0.951913,-1.20832,-0.0981798,0.235841,6.34726,-1.23885,6.34726,-1.23885,0.0657542,-0.679682,-0.151313,10,3,184
0.2,-0.847782,-1.47887,-0.0816483,-0.982738,-1.00439,-0.890954,-0.0879363,0.173898,5.91999,-1.15546,5.91999,-1.15546,0.0847986,-0.679682,-0.151313,10,3,184
0.25,-0.88897,-0.15849,-0.124573,-0.720412,-1.04154,-0.594954,-0.0806857,0.116125,5.40347,-1.05465,5.40347,-1.05465,0.0932932,-0.679682,-0.151313,10,3,184
0.3,-0.863025,1.18986,-0.152643,-0.393398,-1.06454,-0.324781,-0.0761978,0.0633926,4.82288,-0.94133,4.82288,-0.94133,0.0889969,-0.679682,-0.151313,10,3,184
0.35,-0.77098,2.46862,-0.163414,-0.0340384,-1.07475,-0.0836369,-0.0742048,0.0163261,4.20155,-0.82006,4.20155,-0.82006,0.0727894,-0.679682,-0.151313,10,3,184
0.4,-0.618849,3.57506,-0.156138,0.322699,-1.07368,0.126441,-0.0744136,-0.0246769,3.56062,-0.694963,3.56062,-0.694963,0.0486451,-0.679682,-0.151313,10,3,184
0.45,-0.417947,4.40123,-0.131816,0.642284,-1.0629,0.304472,-0.0765161,-0.0594251,2.9188,-0.569693,2.9188,-0.569693,0.023407,-0.679682,-0.151313,10,3,184
0.5,-0.184835,4.84917,-0.0931042,0.893665,-1.04403,0.450412,-0.0801995,-0.0879098,2.29226,-0.447406,2.29226,-0.447406,0.00530138,-0.679682,-0.151313,10,3,184
0,-0.377951,-3.9276,0.0901226,-1.22449,-0.80611,-2.22387,-0.126639,0.434014,7.93589,-1.54878,7.93589,-1.54878,0.0185129,-0.679682,-0.151313,10,3,184
0.05,-0.562248,-3.38543,0.0274197,-1.26319,-0.907384,-1.82708,-0.106874,0.356575,7.75824,-1.51411,7.75824,-1.51411,0.0384105,-0.679682,-0.151313,10,3,184
0.1,-0.711011,-2.52055,-0.0341654,-1.18017,-0.98904,-1.43916,-0.0909382,0.280869,7.41107,-1.44636,7.41107,-1.44636,0.0604422,-0.679682,-0.151313,10,3,184
0.15,-0.810307,-1.42377,-0.0887476,-0.98544,-1.05173,-1.06861,-0.0787026,0.208551,6.92635,-1.35176,6.92635,-1.35176,0.0780458,-0.679682,-0.151313,10,3,184
0.2,-0.851037,-0.194852,-0.131219,-0.699756,-1.09651,-0.722293,-0.0699648,0.140964,6.33512,-1.23637,6.33512,-1.23637,0.0862695,-0.679682,-0.151313,10,3,184
0.25,-0.829048,1.06868,-0.157729,-0.352193,-1.1247,-0.405536,-0.0644621,0.0791449,5.66681,-1.10594,5.66681,-1.10594,0.0828693,-0.679682,-0.151313,10,3,184
0.3,-0.744991,2.27135,-0.166027,0.0228709,-1.1379,-0.122196,-0.0618872,0.0238477,4.94872,-0.965801,4.94872,-0.965801,0.0684785,-0.679682,-0.151313,10,3,184
0.35,-0.604345,3.31501,-0.155648,0.388931,-1.13782,0.12524,-0.0619021,-0.0244423,4.20565,-0.820782,4.20565,-0.820782,0.0465812,-0.679682,-0.151313,10,3,184
0.4,-0.417572,4.09964,-0.127938,0.710509,-1.1263,0.335523,-0.0641502,-0.0654814,3.45961,-0.675184,3.45961,-0.675184,0.0232552,-0.679682,-0.151313,10,3,184
0.45,-0.199946,4.53606,-0.0859282,0.956283,-1.1052,0.508504,-0.0682683,-0.0992406,2.72967,-0.532726,2.72967,-0.532726,0.00586113,-0.679682,-0.151313,10,3,184
0.5,0.0295215,4.56788,-0.0340461,1.10213,-1.07636,0.644987,-0.0738962,-0.125877,2.03184,-0.396537,2.03184,-0.396537,0.000252732,-0.679682,-0.151313,10,3,184
0,-0.686718,-2.25575,-0.0394122,-1.23638,-1.01719,-1.77155,-0.0854463,0.345705,8.68973,-1.69578,8.68973,-1.69578,0.0565901,-0.679682,-0.151313,10,3,184
0.05,-0.775184,-1.25727,-0.096195,-1.01656,-1.09491,-1.33706,-0.0702808,0.260916,8.16342,-1.59307,8.16342,-1.59307,0.0719634,-0.679682,-0.151313,10,3,184
0.1,-0.810181,-0.133056,-0.13954,-0.703313,-1.15155,-0.928892,-0.0592263,0.181262,7.5054,-1.46465,7.5054,-1.46465,0.0790161,-0.679682,-0.151313,10,3,184
0.15,-0.787735,1.02469,-0.165545,-0.328615,-1.18862,-0.553622,-0.051994,0.10803,6.75022,-1.31728,6.75022,-1.31728,0.0757438,-0.679682,-0.151313,10,3,184
0.2,-0.708452,2.12459,-0.17205,0.0704311,-1.20786,-0.216112,-0.0482391,0.0421657,5.93012,-1.15724,5.93012,-1.15724,0.0627085,-0.679682,-0.151313,10,3,184
0.25,-0.57752,3.0746,-0.158808,0.454962,-1.21125,0.0803944,-0.0475774,-0.0156961,5.07453,-0.990268,5.07453,-0.990268,0.0430081,-0.679682,-0.151313,10,3,184
0.3,-0.404716,3.78444,-0.12749,0.787647,-1.20089,0.334121,-0.0496,-0.0652095,4.20972,-0.821501,4.20972,-0.821501,0.0219733,-0.679682,-0.151313,10,3,184
0.35,-0.204083,4.17653,-0.0815276,1.03597,-1.17892,0.544607,-0.0538874,-0.106285,3.35858,-0.655403,3.35858,-0.655403,0.00597732,-0.679682,-0.151313,10,3,184
0.4,0.00713385,4.20322,-0.0257888,1.17545,-1.14749,0.712536,-0.0600209,-0.139055,2.54051,-0.495758,2.54051,-0.495758,8.91294e-05,-0.679682,-0.151313,10,3,184
0.45,0.210368,3.86093,0.0338932,1.19239,-1.10869,0.839562,-0.0675933,-0.163843,1.77141,-0.34567,1.77141,-0.34567,0.00562925,-0.679682,-0.151313,10,3,184
0.5,0.388035,3.19136,0.0913077,1.08554,-1.0645,0.928132,-0.0762175,-0.181126,1.06377,-0.207577,1.06377,-0.207577,0.0194722,-0.679682,-0.151313,10,3,184
0,-0.767072,-0.938921,-0.0982924,-1.09971,-1.10577,-1.77168,-0.0681622,0.345657,9.57592,-1.86848,9.57592,-1.86848,0.0705988,-0.679682,-0.151313,10,3,184
0.05,-0.787961,0.109254,-0.145287,-0.764995,-1.18238,-1.29288,-0.053215,0.252233,8.90567,-1.73768,8.90567,-1.73768,0.0752325,-0.679682,-0.151313,10,3,184
0.1,-0.755709,1.17153,-0.173716,-0.363149,-1.2359,-0.8476,-0.0427754,0.165349,8.10494,-1.58142,8.10494,-1.58142,0.0705089,-0.679682,-0.151313,10,3,184
0.15,-0.671767,2.16168,-0.181207,0.065838,-1.26815,-0.442353,-0.0364847,0.0862779,7.21169,-1.40712,7.21169,-1.40712,0.057293,-0.679682,-0.151313,10,3,184
0.2,-0.541881,2.9945,-0.167448,0.480089,-1.28125,-0.0817687,-0.0339297,0.0159221,6.26097,-1.2216,6.26097,-1.2216,0.0386555,-0.679682,-0.151313,10,3,184
0.25,-0.37595,3.59045,-0.134195,0.839308,-1.27751,0.23128,-0.0346606,-0.0451579,5.28444,-1.03105,5.28444,-1.03105,0.0194727,-0.679682,-0.151313,10,3,184
0.3,-0.187503,3.88625,-0.085109,1.10826,-1.25934,0.495502,-0.0382073,-0.0967104,4.31008,-0.840926,4.31008,-0.840926,0.00524977,-0.679682,-0.151313,10,3,184
0.35,0.0074581,3.84843,-0.0254113,1.26024,-1.22918,0.711006,-0.044094,-0.138757,3.36194,-0.65592,3.36194,-0.65592,8.73121e-05,-0.679682,-0.151313,10,3,184
0.4,0.192209,3.48238,0.0386207,1.28018,-1.18943,0.879103,-0.0518517,-0.171553,2.46012,-0.479955,2.46012,-0.479955,0.0047677,-0.679682,-0.151313,10,3,184
0.45,0.351262,2.83079,0.100289,1.1665,-1.1424,1.00211,-0.0610293,-0.19555,1.6208,-0.316186,1.6208,-0.316186,0.0163789,-0.679682,-0.151313,10,3,184
0.5,0.471977,1.96252,0.153161,0.931333,-1.09026,1.08315,-0.0712021,-0.21136,0.856367,-0.16703,0.856367,-0.16703,0.0298191,-0.679682,-0.151313,10,3,184
